Receipt,SKU,Category,Description,Quantity,UOM,"Lot Number","Expiration Date","PKG #","Item #","Pallet #","Unit Cost","Sales Price",Weight,Size,Color,Window?,Special,Builds,Reserved,Client,"Received Date","PO# / Receipt#",Name
1781,E10WH-HW-FC-BOX,E,"#10 HALF WH FC BOX",160000,Each,,"0000-00-00 00:00:00",,,,0.01995,0.000000,0.000000,#10,WHITE,HALF,,"Letter, Print Other","0000-00-00 00:00:00",,"11/07/2019 2:02:43 pm",A-00152,"Southland Envelopes - Denver "
1791,P8511-60WH,P,"WHITE 60# 8.5X11",283000,Each,,"0000-00-00 00:00:00",,,2,0.01,0.000000,60.000000,8.5X11,WHITE,,,"Letter, Snap Pack, Self Mailer, Print Other","0000-00-00 00:00:00",,"10/29/2019 11:31:21 am",A-00163,"Spicers - Denver"
1791,P8511-60WH,P,"WHITE 60# 8.5X11",677000,Each,,"0000-00-00 00:00:00",,,5,0.01,0.000000,60.000000,8.5X11,WHITE,,,"Letter, Snap Pack, Self Mailer, Print Other","0000-00-00 00:00:00",,"10/29/2019 11:31:21 am",A-00163,"Spicers - Denver"
1792,E10WH-1W,E,"#10 S/W WH BLANK",500000,Each,,"0000-00-00 00:00:00",,,6,0.01595,0.000000,0.000000,#10,WHITE,1W,,"Letter, Print Other ","0000-00-00 00:00:00",,"10/23/2019 2:36:45 pm",A-00152,"Southland Envelopes - Denver "
1813,P1319-100WHGL-T,P,"WHITE 100# GL TEXT 13X19",9900,Each,,"0000-00-00 00:00:00",,,,0.04738,0.000000,0.000000,13X19,WHITE,,,"Letter, Post Card, Self Mailer, Print Other","0000-00-00 00:00:00",,"10/29/2019 3:40:44 pm",A-00177,"Spicers - Denver"
1813,P1218-100WHGL-T,P,"WHITE 100# GL TEXT 12X18",9900,Each,,"0000-00-00 00:00:00",,,,0.041,0.000000,0.000000,12X18,WHITE,,,"Letter, Self Mailer, Print Other","0000-00-00 00:00:00",,"10/29/2019 3:40:44 pm",A-00177,"Spicers - Denver"
1813,EA7WH-0W,E,"A7 WHITE",3000,Each,,"0000-00-00 00:00:00",,,,0.0411,0.000000,0.000000,A7,WHITE,"NO WINDOW",,"Letter, Print Other","0000-00-00 00:00:00",,"10/29/2019 3:40:44 pm",A-00177,"Spicers - Denver"
1822,P8511-60WH,P,"WHITE 60# 8.5X11",595000,Each,,"0000-00-00 00:00:00",,,4,0.01,0.000000,60.000000,8.5X11,WHITE,,,"Letter, Snap Pack, Self Mailer, Print Other","0000-00-00 00:00:00",,"11/01/2019 10:49:58 am",A-00182,"Spicers - Denver"
1822,P1218-100WHGL-C,P,"WHITE 100# GL COVER 12X18",20250,Each,,"0000-00-00 00:00:00",,,2,0.07839,0.000000,0.000000,12X18,WHITE,,,"Letter, Post Card, Self Mailer","0000-00-00 00:00:00",,"11/01/2019 10:49:58 am",A-00182,"Spicers - Denver"
1823,P1319-100WHGL-C,P,"WHITE 100# GL COVER 13X19",1250,Each,,"0000-00-00 00:00:00",5,,1,0.08972,0.000000,0.000000,13X19,WHITE,,,"Letter, Post Card, Self Mailer, Print Other","0000-00-00 00:00:00",,"11/04/2019 9:41:18 am",A-00182,"Spicers - Denver"
1839,E10WH-PW-FC-BOX,E,"#10 PISTOL WH FC BOX",160000,Each,,"0000-00-00 00:00:00",,,,0.01875,0.000000,0.000000,#10,WHITE,PISTOL,,"Letter, Print Other","0000-00-00 00:00:00",,"11/04/2019 10:23:54 am","9597 ","Southland Envelopes - Sacramento "
1841,E10WH-PW-FC-BOX,E,"#10 PISTOL WH FC BOX",340000,Each,,"0000-00-00 00:00:00",,,,0.01875,0.000000,0.000000,#10,WHITE,PISTOL,,"Letter, Print Other","0000-00-00 00:00:00",,"11/04/2019 2:02:08 pm",,"Southland Envelopes - Sacramento "
1848,P1218-100WHGL-T,P,"WHITE 100# GL TEXT 12X18",30000,Each,,"0000-00-00 00:00:00",,,,0.041,0.000000,0.000000,12X18,WHITE,,,"Letter, Self Mailer, Print Other","0000-00-00 00:00:00",,"11/05/2019 1:36:05 pm",A-00191,"Spicers - Denver"
1848,P1218-80WHGL-T,P,"WHITE 80# GL TEXT 12X18",30000,Each,,"0000-00-00 00:00:00",,,,0.0328,0.000000,0.000000,12X18,WHITE,,,"Letter, Post Card, Self Mailer, Print Other","0000-00-00 00:00:00",,"11/05/2019 1:36:05 pm",A-00191,"Spicers - Denver"
1850,E69WH-0W,E,"6X9 WHITE REGULAR BLANK ",30500,Each,,"0000-00-00 00:00:00",,,,0.038,0.000000,0.000000,6X9,WHITE,"NO WINDOW",,"Letter, Print Other","0000-00-00 00:00:00",,"11/05/2019 1:37:31 pm",A-00186,"Spicers - Denver"
1851,EA7WH-0W,E,"A7 WHITE",20000,Each,,"0000-00-00 00:00:00",,,,0.0411,0.000000,0.000000,A7,WHITE,"NO WINDOW",,"Letter, Print Other","0000-00-00 00:00:00",,"11/05/2019 1:38:13 pm",A-00188,"Spicers - Denver"
1854,PS8511-BLWDO,PS,"BLUE WDO PS 8.5X11",510000,Each,,"0000-00-00 00:00:00",,,6,0.0305,0.000000,0.000000,8.5X11,BLUE,WINDOW,,"Snap Pack","0000-00-00 00:00:00",,"11/06/2019 7:40:06 am",A-00179,"Ennis - Denver"
1860,E10WH-PW-SC-BOX,E,"#10 PISTOL WH STD BOX ",250000,Each,,"0000-00-00 00:00:00",,,,0.01875,0.000000,0.000000,#10,WHITE,PISTOL,,"Letter, Print Other","0000-00-00 00:00:00",,"11/06/2019 10:29:22 am",9597,"Southland Envelopes - Sacramento "
1861,PS8511-BLWDO,PS,"BLUE WDO PS 8.5X11",255000,Each,,"0000-00-00 00:00:00",,,3,0.0305,0.000000,0.000000,8.5X11,BLUE,WINDOW,,"Snap Pack","0000-00-00 00:00:00",,"11/06/2019 12:49:30 pm",A-00179,"Ennis - Denver"
1862,P1218-100WHGL-T,P,"WHITE 100# GL TEXT 12X18",50000,Each,,"0000-00-00 00:00:00",,,,0.041,0.000000,0.000000,12X18,WHITE,,,"Letter, Self Mailer, Print Other","0000-00-00 00:00:00",,"11/06/2019 12:57:03 pm",A-00191,"Spicers - Denver"
1864,P2640-67WH-V,P,"WHITE 67# VELLUM 26X40",5000,Each,,"0000-00-00 00:00:00",,,,0.25,0.000000,0.000000,26X40,WHITE,,,"Post Card, Self Mailer, Converted, Letter, Print Other","0000-00-00 00:00:00",,"11/06/2019 1:09:11 pm",A-00182,"Spicers - Denver"
1864,P2640-67WH-V,P,"WHITE 67# VELLUM 26X40",778,,,"0000-00-00 00:00:00",,,,0.25,0.000000,0.000000,26X40,WHITE,,,"Post Card, Self Mailer, Converted, Letter, Print Other","0000-00-00 00:00:00",,"11/06/2019 1:09:11 pm",A-00182,"Spicers - Denver"
1869,E69WH-0W,E,"6X9 WHITE REGULAR BLANK ",60500,Each,,"0000-00-00 00:00:00",,,,0.02583,0.000000,0.000000,6X9,WHITE,"NO WINDOW",,"Letter, Print Other","0000-00-00 00:00:00",,"11/07/2019 8:32:18 am",,"Veritiv - Denver"
1872,E10WH-HW,E,"#10 HALF WH BLANK",160000,Each,,"0000-00-00 00:00:00",,,,0.01955,0.000000,0.000000,#10,WHITE,HALF,,"Letter, Print Other","0000-00-00 00:00:00",,"11/07/2019 2:04:28 pm",A-00152,"Southland Envelopes - Denver "
1883,E10BK-1W,E,"#10 S/W BK BLANK",250000,Each,,"0000-00-00 00:00:00",,,,0.019,0.000000,0.000000,#10,"BROWN KRAFT",1W,,"Letter, Print Other","0000-00-00 00:00:00",,"11/11/2019 8:14:51 am",9449,"Southland Envelopes - Sacramento "
1883,E10BK-1W,E,"#10 S/W BK BLANK",93122,,,"0000-00-00 00:00:00",,,,0.019,0.000000,0.000000,#10,"BROWN KRAFT",1W,,"Letter, Print Other","0000-00-00 00:00:00",,"11/11/2019 8:14:51 am",9449,"Southland Envelopes - Sacramento "
1884,E10WH-HW-FC-BOX,E,"#10 HALF WH FC BOX",32000,Each,,"0000-00-00 00:00:00",,,,0.01995,0.000000,0.000000,#10,WHITE,HALF,,"Letter, Print Other","0000-00-00 00:00:00",,"11/11/2019 8:15:55 am",A-00152,"Southland Envelopes - Denver "
1885,E10WH-HW,E,"#10 HALF WH BLANK",160000,Each,,"0000-00-00 00:00:00",,,,0.01955,0.000000,0.000000,#10,WHITE,HALF,,"Letter, Print Other","0000-00-00 00:00:00",,"11/11/2019 8:17:30 am",A-00152,"Southland Envelopes - Denver "
1886,P8511-100WH-T,P,"8.5X11 100# WHITE TEXT ",13000,Each,,"0000-00-00 00:00:00",,,,0.0255,0.000000,0.000000,8.5X11,WHITE,,,"Letter, Print Other","0000-00-00 00:00:00",,"11/11/2019 3:34:45 pm",A-00168,"Spicers - Denver"
1892,P8511-60WH,P,"WHITE 60# 8.5X11",960000,Each,,"0000-00-00 00:00:00",,,,0.0098,0.000000,60.000000,8.5X11,WHITE,,,"Letter, Snap Pack, Self Mailer, Print Other","0000-00-00 00:00:00",,"11/14/2019 3:11:08 pm",A-00133,"Veritiv - Denver"
1907,E10WH-HW,E,"#10 HALF WH BLANK",160000,Each,,"0000-00-00 00:00:00",,,,0.01955,0.000000,0.000000,#10,WHITE,HALF,,"Letter, Print Other","0000-00-00 00:00:00",,"11/14/2019 1:31:59 pm",A-00152,"Southland Envelopes - Denver "
1908,E10WH-HW-FC-BOX,E,"#10 HALF WH FC BOX",80000,Each,,"0000-00-00 00:00:00",,,,0.01995,0.000000,0.000000,#10,WHITE,HALF,,"Letter, Print Other","0000-00-00 00:00:00",,"11/14/2019 1:32:38 pm",A-00152,"Southland Envelopes - Denver "
1910,E10WH-HW-SC-BOX,E,"#10 HALF WH STD BOX",220000,Each,,"0000-00-00 00:00:00",,,,0.01995,0.000000,0.000000,#10,WHITE,HALF,,"Letter, Print Other","0000-00-00 00:00:00",,"11/14/2019 1:50:43 pm",A-00154,"Southland Envelopes - Denver "
1912,P2640-67CA-V,P,"CANARY 67# VELLUM 26X40",5000,Each,,"0000-00-00 00:00:00",,,,0.25,0.000000,0.000000,26X40,CANARY,,,"Post Card, Self Mailer, Converted, Letter, Print Other","0000-00-00 00:00:00",,"11/19/2019 9:35:54 am",A-00182,"Spicers - Denver"
1912,P2640-67CA-V,P,"CANARY 67# VELLUM 26X40",5000,,,"0000-00-00 00:00:00",,,,0.25,0.000000,0.000000,26X40,CANARY,,,"Post Card, Self Mailer, Converted, Letter, Print Other","0000-00-00 00:00:00",,"11/19/2019 9:35:54 am",A-00182,"Spicers - Denver"
1914,E10WH-2W-SC-EAG,E,"#10 D/W WH STD EAGLE",86000,Each,,"0000-00-00 00:00:00",,,,0.01765,0.000000,0.000000,#10,WHITE,2W,,"Letter, Print Other","0000-00-00 00:00:00",,"11/25/2019 2:24:50 pm",A-00152,"Southland Envelopes - Denver "
1914,E10WH-HW-FC-BOX,E,"#10 HALF WH FC BOX",220000,Each,,"0000-00-00 00:00:00",,,,0.01995,0.000000,0.000000,#10,WHITE,HALF,,"Letter, Print Other","0000-00-00 00:00:00",,"11/25/2019 2:24:50 pm",A-00152,"Southland Envelopes - Denver "
1914,E10WH-HW,E,"#10 HALF WH BLANK",148000,Each,,"0000-00-00 00:00:00",,,,0.01955,0.000000,0.000000,#10,WHITE,HALF,,"Letter, Print Other","0000-00-00 00:00:00",,"11/25/2019 2:24:50 pm",A-00152,"Southland Envelopes - Denver "
1931,EA7WH-0W,E,"A7 WHITE",150000,Each,,"0000-00-00 00:00:00",,,,0.0224,0.000000,0.000000,A7,WHITE,"NO WINDOW",,"Letter, Print Other","0000-00-00 00:00:00",,"11/25/2019 2:24:32 pm",A-00207,"Southland Envelopes - Denver "
1934,E10BK-2W,E,"#10 D/W BK BLANK ",42000,Each,,"0000-00-00 00:00:00",,,,0.02035,0.000000,0.000000,#10,"BROWN KRAFT",2W,,"Letter, Print Other","0000-00-00 00:00:00",,"11/20/2019 11:54:19 am",A-00171,"Southland Envelopes - Denver "
1962,E10WH-HW-SC-BOX,E,"#10 HALF WH STD BOX",80000,Each,,"0000-00-00 00:00:00",,,,0.01995,0.000000,0.000000,#10,WHITE,HALF,,"Letter, Print Other","0000-00-00 00:00:00",,"11/25/2019 2:21:32 pm",A-00154,"Southland Envelopes - Denver "
1963,E10WH-2W-SC-EAG,E,"#10 D/W WH STD EAGLE",28000,Each,,"0000-00-00 00:00:00",,,,0.01765,0.000000,0.000000,#10,WHITE,2W,,"Letter, Print Other","0000-00-00 00:00:00",,"01/21/2020 7:29:43 am",A-00152,"Southland Envelopes - Denver "
1998,E10GR-PW,E,"#10 PISTOL WINDOW GREEN BLANK ",50000,Each,,"0000-00-00 00:00:00",,,,0.02215,0.000000,24.000000,#10,GREEN,PISTOL,,"Letter, Print Other","0000-00-00 00:00:00",,"12/09/2019 8:24:20 am",A-00201,"Southland Envelopes - Denver "
1998,E10GR-PW-SC-BOX,E,"#10 PISTOL WINDOW GREEN STD BOX 1935",100000,Each,,"0000-00-00 00:00:00",,,,0.02245,0.000000,0.000000,#10,GREEN,PISTOL,,"Letter, Print Other","0000-00-00 00:00:00",,"12/09/2019 8:24:20 am",A-00201,"Southland Envelopes - Denver "
1998,E695BK-0W,E,"6X9.5 BROWN KRAFT REGULAR",7500,Each,,"0000-00-00 00:00:00",,,,0.05185,0.000000,0.000000,6X9.5,"BROWN KRAFT","NO WINDOW",,"Letter, Print Other","0000-00-00 00:00:00",,"12/09/2019 8:24:20 am",A-00201,"Southland Envelopes - Denver "
2087,P2640-67WH-V,P,"WHITE 67# VELLUM 26X40",5000,Each,,"0000-00-00 00:00:00",,,,0.25,0.000000,0.000000,26X40,WHITE,,,"Post Card, Self Mailer, Converted, Letter, Print Other","0000-00-00 00:00:00",,"12/17/2019 8:10:55 am",A-00255,"Spicers - Denver"
2087,P2640-67WH-V,P,"WHITE 67# VELLUM 26X40",4049,,,"0000-00-00 00:00:00",,,,0.25,0.000000,0.000000,26X40,WHITE,,,"Post Card, Self Mailer, Converted, Letter, Print Other","0000-00-00 00:00:00",,"12/17/2019 8:10:55 am",A-00255,"Spicers - Denver"
2089,E10WH-2W-SC-EAG,E,"#10 D/W WH STD EAGLE",250000,Each,,"0000-00-00 00:00:00",,,,0.01765,0.000000,0.000000,#10,WHITE,2W,,"Letter, Print Other","0000-00-00 00:00:00",,"12/17/2019 7:29:22 am",,"Southland Envelopes - Sacramento "
2090,E10WH-2W-SC-BOX,E,"#10 D/W WH STD BOX",250000,Each,,"0000-00-00 00:00:00",,,,0.01765,0.000000,0.000000,#10,WHITE,2W,,"Letter, Print Other","0000-00-00 00:00:00",,"12/17/2019 7:31:25 am",,"Southland Envelopes - Sacramento "
2091,E10WH-1W-FC-EAG,E,"#10 S/W WH FC EAGLE ",250000,Each,,"0000-00-00 00:00:00",,,,0.01595,0.000000,0.000000,#10,WHITE,1W,,"Letter, Print Other","0000-00-00 00:00:00",,"12/17/2019 8:23:26 am",,"Southland Envelopes - Sacramento "
2092,E10WH-1W-SC-EAG,E,"#10 S/W WH STD EAGLE ",250000,Each,,"0000-00-00 00:00:00",,,,0.01595,0.000000,0.000000,#10,WHITE,1W,,"Letter, Print Other","0000-00-00 00:00:00",,"12/17/2019 8:24:53 am",,"Southland Envelopes - Sacramento "
2093,E10WH-1W-SC-BOX,E,"#10 S/W WH STD BOX ",250000,Each,,"0000-00-00 00:00:00",,,,0.01635,0.000000,0.000000,#10,WHITE,1W,,"Letter, Print Other","0000-00-00 00:00:00",,"12/17/2019 8:29:05 am",,"Southland Envelopes - Sacramento "
2098,P8511-60WH,P,"WHITE 60# 8.5X11",800000,Each,,"0000-00-00 00:00:00",,,,0.01,0.000000,60.000000,8.5X11,WHITE,,,"Letter, Snap Pack, Self Mailer, Print Other","0000-00-00 00:00:00",,"12/17/2019 3:44:03 pm",,"Spicers - Denver"
2102,PS8511-BLWDO,PS,"BLUE WDO PS 8.5X11",425000,Each,,"0000-00-00 00:00:00",,,,0.0305,0.000000,0.000000,8.5X11,BLUE,WINDOW,,"Snap Pack","0000-00-00 00:00:00",,"12/19/2019 11:32:53 am",A-00261,"Ennis - Denver"
2125,PS8511-BLWDO,PS,"BLUE WDO PS 8.5X11",69000,Each,,"0000-00-00 00:00:00",,,,0.0305,0.000000,0.000000,8.5X11,BLUE,WINDOW,,"Snap Pack","0000-00-00 00:00:00",,"12/20/2019 1:59:44 pm",A-00261,"Ennis - Denver"
2160,P1319-100WHGL-T,P,"WHITE 100# GL TEXT 13X19",10000,Each,,"0000-00-00 00:00:00",,,,0.04042,0.000000,0.000000,13X19,WHITE,,,"Letter, Post Card, Self Mailer, Print Other","0000-00-00 00:00:00",,"01/03/2020 7:37:29 am",A-00276,"Veritiv - Denver"
2161,P1218-130WHSLK-C,P,"WHITE 130# SILK COVER 12X18",310,Each,,"0000-00-00 00:00:00",,,,0.118065,0.000000,0.000000,12X18,WHITE,,,"Post Card, Letter, Converted, Self Mailer, Print Other","0000-00-00 00:00:00",,"01/03/2020 7:38:12 am",A-00274,"Spicers - Denver"
2162,E10WH-0W,E,"#10 REG WH BLANK",140000,Each,,"0000-00-00 00:00:00",,,,0.015,0.000000,0.000000,#10,WHITE,"NO WINDOW",,"Letter, Print Other ","0000-00-00 00:00:00",,"01/03/2020 7:39:18 am",A-00160,"Southland Envelopes - Denver "
2163,P1319-100WHGL-T,P,"WHITE 100# GL TEXT 13X19",10000,Each,,"0000-00-00 00:00:00",,,,0.04738,0.000000,0.000000,13X19,WHITE,,,"Letter, Post Card, Self Mailer, Print Other","0000-00-00 00:00:00",,"01/03/2020 7:40:11 am",A-00255,"Spicers - Denver"
2163,P1218-80WHGL-C,P,"WHITE 80# GL COVER 12X18",5175,Each,,"0000-00-00 00:00:00",,,,0.06233,0.000000,0.000000,12X18,WHITE,,,"Letter, Post Card, Self Mailer, Print Other","0000-00-00 00:00:00",,"01/03/2020 7:40:11 am",A-00255,"Spicers - Denver"
2164,E10BK-PW,E,"#10 BK PISTOL WINDOW BLANK ",100000,Each,,"0000-00-00 00:00:00",,,,0.02245,0.000000,0.000000,#10,"BROWN KRAFT",PISTOL,,"Letter, Print Other","0000-00-00 00:00:00",,"01/09/2020 10:11:16 am",A-00286,"Southland Envelopes - Denver "
2165,E10WH-PW,E,"#10 PISTOL WH BLANK",250000,Each,,"0000-00-00 00:00:00",,,,0.01835,0.000000,0.000000,#10,WHITE,PISTOL,,"Letter, Print Other","0000-00-00 00:00:00",,"01/03/2020 7:45:21 am",,"Southland Envelopes - Sacramento "
2166,PS8511-BLWDO,PS,"BLUE WDO PS 8.5X11",506000,Each,,"0000-00-00 00:00:00",,,,0.0305,0.000000,0.000000,8.5X11,BLUE,WINDOW,,"Snap Pack","0000-00-00 00:00:00",,"01/03/2020 7:47:33 am",A-00261,"Ennis - Denver"
2172,E10WH-1W-FC-BOX,E,"#10 S/W WH FC BOX ",250000,Each,,"0000-00-00 00:00:00",,,,0.01594,0.000000,0.000000,#10,WHITE,1W,,"Letter, Print Other","0000-00-00 00:00:00",,"01/03/2020 6:30:12 pm",A-00221,"Kelly Paper - Denver"
2173,P8511-60WH,P,"WHITE 60# 8.5X11",368000,Each,,"0000-00-00 00:00:00",,,,0.01,0.000000,60.000000,8.5X11,WHITE,,,"Letter, Snap Pack, Self Mailer, Print Other","0000-00-00 00:00:00",,"01/06/2020 8:39:35 am",A-00298,"Spicers - Denver"
2201,E912BK-0W,E,"9X12 28# BK BLANK BOOKLET",20000,Each,,"0000-00-00 00:00:00",,,,0.0595,0.000000,0.000000,9X12,"BROWN KRAFT","NO WINDOW",,"Letter, Print Other","0000-00-00 00:00:00",,"01/09/2020 10:10:47 am",A-00296,"Southland Envelopes - Denver "
2218,E10GR-1W,E,"#10 S/W GREEN  BLANK",300000,Each,,"0000-00-00 00:00:00",,,1,0.01975,0.000000,0.000000,#10,GREEN,1W,,"Letter, Print Other","0000-00-00 00:00:00",,"01/13/2020 10:35:41 am",A-00292,"Southland Envelopes - Sacramento "
2254,P8511-60WH,P,"WHITE 60# 8.5X11",1000000,Each,,"0000-00-00 00:00:00",,,,0.01,0.000000,60.000000,8.5X11,WHITE,,,"Letter, Snap Pack, Self Mailer, Print Other","0000-00-00 00:00:00",,"01/16/2020 1:31:06 pm",A-00314,"Spicers - Denver"
2257,P1319-100WHGL-T,P,"WHITE 100# GL TEXT 13X19",800,Each,,"0000-00-00 00:00:00",,,,0.04738,0.000000,0.000000,13X19,WHITE,,,"Letter, Post Card, Self Mailer, Print Other","0000-00-00 00:00:00",,"01/16/2020 4:29:52 pm",A-00333,"Spicers - Denver"
2275,E10WH-2W-SC-EAG,E,"#10 D/W WH STD EAGLE",160000,Each,,"0000-00-00 00:00:00",,,2,0.01765,0.000000,0.000000,#10,WHITE,2W,,"Letter, Print Other","0000-00-00 00:00:00",,"01/21/2020 10:42:08 am",A-00152,"Southland Envelopes - Denver "
2276,E10GR-1W-SC-BOX,E,"#10 S/W GREEN STD BOX 1935",48000,Each,,"0000-00-00 00:00:00",,,,0.0215,0.000000,0.000000,#10,GREEN,1W,,"Letter, Print Other","0000-00-00 00:00:00",,"01/21/2020 10:43:21 am",A-00292,"Southland Envelopes - Sacramento "
2287,P8511-60WH,P,"WHITE 60# 8.5X11",365000,Each,,"0000-00-00 00:00:00",,,,0.01,0.000000,60.000000,8.5X11,WHITE,,,"Letter, Snap Pack, Self Mailer, Print Other","0000-00-00 00:00:00",,"01/23/2020 7:39:20 am",A-00320,"Spicers - Denver"
2288,E10WH-2W-SC-EAG,E,"#10 D/W WH STD EAGLE",76000,Each,,"0000-00-00 00:00:00",,,,0.01765,0.000000,0.000000,#10,WHITE,2W,,"Letter, Print Other","0000-00-00 00:00:00",,"01/23/2020 12:22:16 pm",A-00152,"Southland Envelopes - Denver "
2289,E10GR-1W-SC-BOX,E,"#10 S/W GREEN STD BOX 1935",112000,Each,,"0000-00-00 00:00:00",,,,0.0215,0.000000,0.000000,#10,GREEN,1W,,"Letter, Print Other","0000-00-00 00:00:00",,"01/23/2020 12:23:11 pm",A-00292,"Southland Envelopes - Sacramento "
2301,P1218-100WHGL-C,P,"WHITE 100# GL COVER 12X18",30000,Each,,"0000-00-00 00:00:00",,,,0.06733,0.000000,0.000000,12X18,WHITE,,,"Letter, Post Card, Self Mailer","0000-00-00 00:00:00",,"01/27/2020 7:57:24 am",A-00338,"Veritiv - Denver"
2301,P1218-80WHGL-C,P,"WHITE 80# GL COVER 12X18",20000,Each,,"0000-00-00 00:00:00",,,,0.05755,0.000000,0.000000,12X18,WHITE,,,"Letter, Post Card, Self Mailer, Print Other","0000-00-00 00:00:00",,"01/27/2020 7:57:24 am",A-00338,"Veritiv - Denver"
2301,P1319-80WHGL-C,P,"WHITE 80# GL COVER 13X19",10000,Each,,"0000-00-00 00:00:00",,,,0.06741,0.000000,0.000000,13X19,WHITE,,,"Letter, Post Card, Self Mailer, Print Other","0000-00-00 00:00:00",,"01/27/2020 7:57:24 am",A-00338,"Veritiv - Denver"
2301,P1319-80WHGL-T,P,"WHITE 80# GL TEXT 13X19",5000,Each,,"0000-00-00 00:00:00",,,,0.03264,0.000000,0.000000,13X19,WHITE,,,"Letter, Post Card, Self Mailer, Print Other","0000-00-00 00:00:00",,"01/27/2020 7:57:24 am",A-00338,"Veritiv - Denver"
2301,P1218-100WHGL-C,P,"WHITE 100# GL COVER 12X18",8882,,,"0000-00-00 00:00:00",,,,0.06733,0.000000,0.000000,12X18,WHITE,,,"Letter, Post Card, Self Mailer","0000-00-00 00:00:00",,"01/27/2020 7:57:24 am",A-00338,"Veritiv - Denver"
2301,P1218-80WHGL-C,P,"WHITE 80# GL COVER 12X18",8722,,,"0000-00-00 00:00:00",,,,0.05755,0.000000,0.000000,12X18,WHITE,,,"Letter, Post Card, Self Mailer, Print Other","0000-00-00 00:00:00",,"01/27/2020 7:57:24 am",A-00338,"Veritiv - Denver"
2302,E69WH-0W,E,"6X9 WHITE REGULAR BLANK ",40000,Each,,"0000-00-00 00:00:00",,,,0.038,0.000000,0.000000,6X9,WHITE,"NO WINDOW",,"Letter, Print Other","0000-00-00 00:00:00",,"01/24/2020 12:19:07 pm",A-00316,"Southland Envelopes - Denver "
2304,P8511-65OR-C,P,"8.5X11 65# ORANGE SEMI-VELLUM COVER",4000,Each,,"0000-00-00 00:00:00",,,,0.04509,0.000000,0.000000,8.5X11,ORANGE,,,"Letter, Print Other","0000-00-00 00:00:00",,"01/27/2020 7:59:14 am",A-00351,"Veritiv - Denver"
2309,E10WH-2W,E,"#10 D/W BLANK",176000,Each,,"0000-00-00 00:00:00",,,,0.022,0.000000,0.000000,#10,WHITE,2W,,"Letter, Print Other","0000-00-00 00:00:00",,"01/28/2020 7:47:12 am",A-00309,"Envelopes & Forms"
2309,E10WH-HW-FC-BOX,E,"#10 HALF WH FC BOX",264000,Each,,"0000-00-00 00:00:00",,,,0.01868,0.000000,0.000000,#10,WHITE,HALF,,"Letter, Print Other","0000-00-00 00:00:00",,"01/28/2020 7:47:12 am",A-00309,"Envelopes & Forms"
2309,E10WH-HW-SC-BOX,E,"#10 HALF WH STD BOX",264000,Each,,"0000-00-00 00:00:00",,,,0.01868,0.000000,0.000000,#10,WHITE,HALF,,"Letter, Print Other","0000-00-00 00:00:00",,"01/28/2020 7:47:12 am",A-00309,"Envelopes & Forms"
2309,E10GR-1W,E,"#10 S/W GREEN  BLANK",176000,Each,,"0000-00-00 00:00:00",,,,0.0165,0.000000,0.000000,#10,GREEN,1W,,"Letter, Print Other","0000-00-00 00:00:00",,"01/28/2020 7:47:12 am",A-00309,"Envelopes & Forms"
2309,E10GR-1W-SC-BOX,E,"#10 S/W GREEN STD BOX 1935",176000,Each,,"0000-00-00 00:00:00",,,,0.017,0.000000,0.000000,#10,GREEN,1W,,"Letter, Print Other","0000-00-00 00:00:00",,"01/28/2020 7:47:12 am",A-00309,"Envelopes & Forms"
2311,E10WH-2W,E,"#10 D/W BLANK",480000,Each,,"0000-00-00 00:00:00",,,6,0.01676,0.000000,0.000000,#10,WHITE,2W,,"Letter, Print Other","0000-00-00 00:00:00",,"01/28/2020 1:12:28 pm",A-00302,"Kelly Paper - Denver"
2311,E10WH-2W,E,"#10 D/W BLANK",17006,,,"0000-00-00 00:00:00",,,,0.01676,0.000000,0.000000,#10,WHITE,2W,,"Letter, Print Other","0000-00-00 00:00:00",,"01/28/2020 1:12:28 pm",A-00302,"Kelly Paper - Denver"
2324,E9WH-0W,E,"#9 REG WH BLANK",15000,Each,,"0000-00-00 00:00:00",,,,0.01595,0.000000,0.000000,#9,WHITE,"NO WINDOW",,"Letter, Print Other","0000-00-00 00:00:00",,"01/31/2020 7:23:41 am",A-00364,"Spicers - Denver"
2325,E9WH-0W,E,"#9 REG WH BLANK",165000,Each,,"0000-00-00 00:00:00",,,,0.01595,0.000000,0.000000,#9,WHITE,"NO WINDOW",,"Letter, Print Other","0000-00-00 00:00:00",,"01/31/2020 10:25:53 am",A-00364,"Spicers - Denver"
2326,P8511-60WH,P,"WHITE 60# 8.5X11",235000,Each,,"0000-00-00 00:00:00",,,,0.01,0.000000,60.000000,8.5X11,WHITE,,,"Letter, Snap Pack, Self Mailer, Print Other","0000-00-00 00:00:00",,"02/20/2020 7:59:03 am",A-00320,"Spicers - Denver"
2327,E10WH-2W-FC-BOX,E,"#10 D/W WH FC BOX",250000,Each,,"0000-00-00 00:00:00",,,,0.01704,0.000000,0.000000,#10,WHITE,2W,,"Letter, Print Other","0000-00-00 00:00:00",,"01/31/2020 3:56:22 pm",A-00302,"Kelly Paper - Denver"
2327,E10WH-2W-FC-EAG,E,"#10 D/W WH FC EAGLE",250000,Each,,"0000-00-00 00:00:00",,,,0.01704,0.000000,0.000000,#10,WHITE,2W,,"Letter, Print Other","0000-00-00 00:00:00",,"01/31/2020 3:56:22 pm",A-00302,"Kelly Paper - Denver"
2330,E10WH-2W-SC-BOX,E,"#10 D/W WH STD BOX",250000,Each,,"0000-00-00 00:00:00",,,,0.01704,0.000000,0.000000,#10,WHITE,2W,,"Letter, Print Other","0000-00-00 00:00:00",,"02/11/2020 11:15:25 am",A-00302,"Kelly Paper - Denver"
2330,E10WH-2W-SC-EAG,E,"#10 D/W WH STD EAGLE",250000,Each,,"0000-00-00 00:00:00",,,,0.01704,0.000000,0.000000,#10,WHITE,2W,,"Letter, Print Other","0000-00-00 00:00:00",,"02/11/2020 11:15:25 am",A-00302,"Kelly Paper - Denver"
2362,P8511-60WH,P,"WHITE 60# 8.5X11",160000,Each,,"0000-00-00 00:00:00",,,,0.01,0.000000,60.000000,8.5X11,WHITE,,,"Letter, Snap Pack, Self Mailer, Print Other","0000-00-00 00:00:00",,"02/07/2020 2:07:19 pm",A-00378,"Spicers - Denver"
2362,P8511-70WH,P,"WHITE 67.5# (70#) 8.5X11",160000,Each,,"0000-00-00 00:00:00",,,,0.01175,0.000000,0.000000,8.5X11,WHITE,,,"Letter, Snap Pack, Self Mailer, Print Other","0000-00-00 00:00:00",,"02/07/2020 2:07:19 pm",A-00378,"Spicers - Denver"
2363,E69WH-0W,E,"6X9 WHITE REGULAR BLANK ",60000,Each,,"0000-00-00 00:00:00",,,,0.038,0.000000,0.000000,6X9,WHITE,"NO WINDOW",,"Letter, Print Other","0000-00-00 00:00:00",,"02/07/2020 2:05:00 pm",A-00316,"Southland Envelopes - Denver "
2366,E10BK-2W,E,"#10 D/W BK BLANK ",80000,Each,,"0000-00-00 00:00:00",,,,0.02035,0.000000,0.000000,#10,"BROWN KRAFT",2W,,"Letter, Print Other","0000-00-00 00:00:00",,"02/07/2020 1:55:22 pm",A-00343,"Southland Envelopes - Denver "
2371,P8511-60WH,P,"WHITE 60# 8.5X11",780000,Each,,"0000-00-00 00:00:00",,,,0.01,0.000000,60.000000,8.5X11,WHITE,,,"Letter, Snap Pack, Self Mailer, Print Other","0000-00-00 00:00:00",,"02/07/2020 2:27:23 pm",A-00378,"Spicers - Denver"
2371,P1319-100WHGL-C,P,"WHITE 100# GL COVER 13X19",25175,Each,,"0000-00-00 00:00:00",,,,0.08972,0.000000,0.000000,13X19,WHITE,,,"Letter, Post Card, Self Mailer, Print Other","0000-00-00 00:00:00",,"02/07/2020 2:27:23 pm",A-00378,"Spicers - Denver"
2372,P8511-60WH,P,"WHITE 60# 8.5X11",560000,Each,,"0000-00-00 00:00:00",,,,0.01,0.000000,60.000000,8.5X11,WHITE,,,"Letter, Snap Pack, Self Mailer, Print Other","0000-00-00 00:00:00",,"02/28/2020 7:50:56 am",A-00378,"Spicers - Denver"
2375,E10WH-2W,E,"#10 D/W BLANK",20000,Each,,"0000-00-00 00:00:00",,,,0.01676,0.000000,0.000000,#10,WHITE,2W,,"Letter, Print Other","0000-00-00 00:00:00",,"02/07/2020 5:20:16 pm",A-00302,"Kelly Paper - Denver"
2399,E10WH-1W,E,"#10 S/W WH BLANK",500000,Each,,"0000-00-00 00:00:00",,,,0.01566,0.000000,0.000000,#10,WHITE,1W,,"Letter, Print Other ","0000-00-00 00:00:00",,"02/12/2020 9:17:24 am",A-00302,"Kelly Paper - Denver"
2399,E10WH-1W-SC-EAG,E,"#10 S/W WH STD EAGLE ",250000,Each,,"0000-00-00 00:00:00",,,,0.01594,0.000000,0.000000,#10,WHITE,1W,,"Letter, Print Other","0000-00-00 00:00:00",,"02/12/2020 9:17:24 am",A-00302,"Kelly Paper - Denver"
2399,E10WH-1W-SC-BOX,E,"#10 S/W WH STD BOX ",250000,Each,,"0000-00-00 00:00:00",,,,0.01594,0.000000,0.000000,#10,WHITE,1W,,"Letter, Print Other","0000-00-00 00:00:00",,"02/12/2020 9:17:24 am",A-00302,"Kelly Paper - Denver"
2399,E10WH-1W-FC-BOX,E,"#10 S/W WH FC BOX ",500000,Each,,"0000-00-00 00:00:00",,,,0.01594,0.000000,0.000000,#10,WHITE,1W,,"Letter, Print Other","0000-00-00 00:00:00",,"02/12/2020 9:17:24 am",A-00302,"Kelly Paper - Denver"
2399,E10WH-1W-FC-EAG,E,"#10 S/W WH FC EAGLE ",250000,Each,,"0000-00-00 00:00:00",,,,0.01594,0.000000,0.000000,#10,WHITE,1W,,"Letter, Print Other","0000-00-00 00:00:00",,"02/12/2020 9:17:24 am",A-00302,"Kelly Paper - Denver"
2399,E10WH-1W,E,"#10 S/W WH BLANK",269000,,,"0000-00-00 00:00:00",,,,0.01566,0.000000,0.000000,#10,WHITE,1W,,"Letter, Print Other ","0000-00-00 00:00:00",,"02/12/2020 9:17:24 am",A-00302,"Kelly Paper - Denver"
2402,P8511-65OR-C,P,"8.5X11 65# ORANGE SEMI-VELLUM COVER",4000,Each,,"0000-00-00 00:00:00",,,,0.04509,0.000000,0.000000,8.5X11,ORANGE,,,"Letter, Print Other","0000-00-00 00:00:00",,"02/12/2020 2:48:56 pm",A-00391,"Veritiv - Denver"
2406,PS8511-BLWDO,PS,"BLUE WDO PS 8.5X11",765000,Each,,"0000-00-00 00:00:00",,,9,0.0305,0.000000,0.000000,8.5X11,BLUE,WINDOW,,"Snap Pack","0000-00-00 00:00:00",,"02/13/2020 1:29:05 pm",A-00379,"Ennis - Denver"
2408,E10WH-FULLW,E,"#10 FULL WINDOW WHITE",100000,Each,,"0000-00-00 00:00:00",,,,0.0296,0.000000,24.000000,#10,WHITE,FULL,,"Letter, Print Other","0000-00-00 00:00:00",,"02/14/2020 9:54:52 am",A-00321,"Southland Envelopes - Denver "
2413,E10BK-2W-FC-EAG,E,"#10 D/W BK FC EAGLE",100000,Each,,"0000-00-00 00:00:00",,,,0.02075,0.000000,24.000000,#10,"BROWN KRAFT ",2W,,"Letter, Print Other","0000-00-00 00:00:00",,"03/03/2020 7:27:39 am",A-00256,"Southland Envelopes - Denver "
2414,E10GR-1W-FC-BOX,E,"#10 S/W GREEN FC BOX 1935",160000,Each,,"0000-00-00 00:00:00",,,,0.0215,0.000000,0.000000,#10,GREEN,1W,,"Letter, Print Other","0000-00-00 00:00:00",,"03/20/2020 10:18:33 am",A-00292,"Southland Envelopes - Sacramento "
2415,E10BK-PW,E,"#10 BK PISTOL WINDOW BLANK ",100000,Each,,"0000-00-00 00:00:00",,,,0.02245,0.000000,0.000000,#10,"BROWN KRAFT",PISTOL,,"Letter, Print Other","0000-00-00 00:00:00",,"02/20/2020 2:08:06 pm",A-00398,"Southland Envelopes - Denver "
2416,E10WH-PW-SC-BOX,E,"#10 PISTOL WH STD BOX ",100000,Each,,"0000-00-00 00:00:00",,,,0.01875,0.000000,0.000000,#10,WHITE,PISTOL,,"Letter, Print Other","0000-00-00 00:00:00",,"03/13/2020 1:32:08 pm",A-00386,"Southland Envelopes - Denver "
2417,E69WH-2W,E,"6X9 WH D/W BLANK",150000,Each,,"0000-00-00 00:00:00",,,,0.038,0.000000,0.000000,6X9,WHITE,2W,,"Letter, Print Other","0000-00-00 00:00:00",,"02/24/2020 11:57:25 am",A-00395,"Southland Envelopes - Denver "
2418,E10WH-HW-FC-BOX,E,"#10 HALF WH FC BOX",80000,Each,,"0000-00-00 00:00:00",,,,0.01995,0.000000,0.000000,#10,WHITE,HALF,,"Letter, Print Other","0000-00-00 00:00:00",,"02/24/2020 8:44:14 am",A-00392,"Southland Envelopes - Denver "
2418,E10WH-HW-SC-BOX,E,"#10 HALF WH STD BOX",80000,Each,,"0000-00-00 00:00:00",,,,0.01995,0.000000,0.000000,#10,WHITE,HALF,,"Letter, Print Other","0000-00-00 00:00:00",,"02/24/2020 8:44:14 am",A-00392,"Southland Envelopes - Denver "
2455,E10WH-1W-SC-BOX,E,"#10 S/W WH STD BOX ",250000,Each,,"0000-00-00 00:00:00",,,,0.01594,0.000000,0.000000,#10,WHITE,1W,,"Letter, Print Other","0000-00-00 00:00:00",,"05/15/2020 9:30:25 am",A-00408,"Kelly Paper - Denver"
2455,E10WH-1W-SC-EAG,E,"#10 S/W WH STD EAGLE ",250000,Each,,"0000-00-00 00:00:00",,,,0.01594,0.000000,0.000000,#10,WHITE,1W,,"Letter, Print Other","0000-00-00 00:00:00",,"05/15/2020 9:30:25 am",A-00408,"Kelly Paper - Denver"
2455,E10WH-2W-FC-EAG,E,"#10 D/W WH FC EAGLE",250000,Each,,"0000-00-00 00:00:00",,,,0.01704,0.000000,0.000000,#10,WHITE,2W,,"Letter, Print Other","0000-00-00 00:00:00",,"05/15/2020 9:30:25 am",A-00408,"Kelly Paper - Denver"
2455,E10WH-1W,E,"#10 S/W WH BLANK",500000,Each,,"0000-00-00 00:00:00",,,,0.01566,0.000000,0.000000,#10,WHITE,1W,,"Letter, Print Other ","0000-00-00 00:00:00",,"05/15/2020 9:30:25 am",A-00408,"Kelly Paper - Denver"
2455,E10WH-2W-FC-BOX,E,"#10 D/W WH FC BOX",400000,Each,,"0000-00-00 00:00:00",,,,0.01704,0.000000,0.000000,#10,WHITE,2W,,"Letter, Print Other","0000-00-00 00:00:00",,"05/15/2020 9:30:25 am",A-00408,"Kelly Paper - Denver"
2455,E10WH-2W-SC-BOX,E,"#10 D/W WH STD BOX",250000,Each,,"0000-00-00 00:00:00",,,,0.01704,0.000000,0.000000,#10,WHITE,2W,,"Letter, Print Other","0000-00-00 00:00:00",,"05/15/2020 9:30:25 am",A-00408,"Kelly Paper - Denver"
2455,E10WH-1W-FC-BOX,E,"#10 S/W WH FC BOX ",250000,Each,,"0000-00-00 00:00:00",,,,0.01594,0.000000,0.000000,#10,WHITE,1W,,"Letter, Print Other","0000-00-00 00:00:00",,"05/15/2020 9:30:25 am",A-00408,"Kelly Paper - Denver"
2455,E10WH-2W,E,"#10 D/W BLANK",500000,Each,,"0000-00-00 00:00:00",,,,0.01676,0.000000,0.000000,#10,WHITE,2W,,"Letter, Print Other","0000-00-00 00:00:00",,"05/15/2020 9:30:25 am",A-00408,"Kelly Paper - Denver"
2456,E10WH-HW,E,"#10 HALF WH BLANK",160000,Each,,"0000-00-00 00:00:00",,,,0.01955,0.000000,0.000000,#10,WHITE,HALF,,"Letter, Print Other","0000-00-00 00:00:00",,"03/03/2020 7:17:47 am",A-00392,"Southland Envelopes - Denver "
2456,E10WH-HW-FC-BOX,E,"#10 HALF WH FC BOX",80000,Each,,"0000-00-00 00:00:00",,,,0.01995,0.000000,0.000000,#10,WHITE,HALF,,"Letter, Print Other","0000-00-00 00:00:00",,"03/03/2020 7:17:47 am",A-00392,"Southland Envelopes - Denver "
2456,E10WH-HW-SC-BOX,E,"#10 HALF WH STD BOX",160000,Each,,"0000-00-00 00:00:00",,,,0.01995,0.000000,0.000000,#10,WHITE,HALF,,"Letter, Print Other","0000-00-00 00:00:00",,"03/03/2020 7:17:47 am",A-00392,"Southland Envelopes - Denver "
2462,P8511-24IV-LN,P,"IVORY 24# LINEN WRITING 8.5X11",8500,Each,,"0000-00-00 00:00:00",,,,0.04355,0.000000,0.000000,8.5X11,IVORY,,,"Letter, Print Other, Snap Pack, Converted","0000-00-00 00:00:00",,"02/25/2020 11:18:02 am",A-00415,"Spicers - Denver"
2470,E69WH-0W,E,"6X9 WHITE REGULAR BLANK ",120000,Each,,"0000-00-00 00:00:00",,,,0.038,0.000000,0.000000,6X9,WHITE,"NO WINDOW",,"Letter, Print Other","0000-00-00 00:00:00",,"02/27/2020 11:29:09 am",A-00403,"Southland Envelopes - Denver "
2497,PS8511-GRWDO,PS,"GREEN WDO PS 8.5X11",500000,Each,,"0000-00-00 00:00:00",,,,0.0305,0.000000,0.000000,8.5X11,GREEN,WINDOW,,"Snap Pack","0000-00-00 00:00:00",,"03/05/2020 9:45:26 am",A-00404,"Ennis - Denver"
2508,PS8511-GRWDO,PS,"GREEN WDO PS 8.5X11",255000,Each,,"0000-00-00 00:00:00",,,,0.0305,0.000000,0.000000,8.5X11,GREEN,WINDOW,,"Snap Pack","0000-00-00 00:00:00",,"03/06/2020 2:53:46 pm",A-00405,"Ennis - Denver"
2529,P8511-60WH,P,"WHITE 60# 8.5X11",500000,Each,,"0000-00-00 00:00:00",,,3,0.0098,0.000000,60.000000,8.5X11,WHITE,,,"Letter, Snap Pack, Self Mailer, Print Other","0000-00-00 00:00:00",,"03/11/2020 10:36:52 am",A-00439,"Veritiv - Denver"
2530,E10WH-HW-SC-BOX,E,"#10 HALF WH STD BOX",110000,Each,,"0000-00-00 00:00:00",,,2,0.01995,0.000000,0.000000,#10,WHITE,HALF,,"Letter, Print Other","0000-00-00 00:00:00",,"03/11/2020 10:56:04 am",A-00392,"Southland Envelopes - Denver "
2530,E10WH-HW-FC-BOX,E,"#10 HALF WH FC BOX",110000,Each,,"0000-00-00 00:00:00",,,2,0.01995,0.000000,0.000000,#10,WHITE,HALF,,"Letter, Print Other","0000-00-00 00:00:00",,"03/11/2020 10:56:04 am",A-00392,"Southland Envelopes - Denver "
2531,E10GR-PW-SC-BOX,E,"#10 PISTOL WINDOW GREEN STD BOX 1935",160000,Each,,"0000-00-00 00:00:00",,,1,0.02245,0.000000,0.000000,#10,GREEN,PISTOL,,"Letter, Print Other","0000-00-00 00:00:00",,"03/12/2020 4:24:56 pm",A-00403,"Southland Envelopes - Denver "
2531,E10GR-PW,E,"#10 PISTOL WINDOW GREEN BLANK ",80000,Each,,"0000-00-00 00:00:00",,,1,0.02215,0.000000,24.000000,#10,GREEN,PISTOL,,"Letter, Print Other","0000-00-00 00:00:00",,"03/12/2020 4:24:56 pm",A-00403,"Southland Envelopes - Denver "
2532,E10WH-HW,E,"#10 HALF WH BLANK",54000,Each,,"0000-00-00 00:00:00",,,2,0.01955,0.000000,0.000000,#10,WHITE,HALF,,"Letter, Print Other","0000-00-00 00:00:00",,"03/12/2020 4:27:31 pm",A-00392,"Southland Envelopes - Denver "
2545,E10WH-HW,E,"#10 HALF WH BLANK",54000,Each,,"0000-00-00 00:00:00",,,,0.01955,0.000000,0.000000,#10,WHITE,HALF,,"Letter, Print Other","0000-00-00 00:00:00",,"03/13/2020 7:01:02 am",A-00392,"Southland Envelopes - Denver "
2558,PS8511-BLKWHT-ZF,PS,"BLACK/WHITE Z-FOLD PS 8.5X11",120000,Each,,"0000-00-00 00:00:00",,,,0.0233,0.000000,0.000000,8.5X11,BLACK/WHITE,,,"Snap Pack, Letter, Print Other","0000-00-00 00:00:00",,"03/18/2020 7:16:04 am",A-00454,"Wilmer - Denver "
2558,PS8511-BLKWHT-HF,PS,"BLACK/WHITE HALF-FOLD PS 8.5X11",120000,Each,,"0000-00-00 00:00:00",,,,0.0233,0.000000,0.000000,8.5X11,BLACK/WHITE,,,"Snap Pack ","0000-00-00 00:00:00",,"03/18/2020 7:16:04 am",A-00454,"Wilmer - Denver "
2560,P8511-70WH,P,"WHITE 67.5# (70#) 8.5X11",50000,Each,,"0000-00-00 00:00:00",,,,0.01149,0.000000,0.000000,8.5X11,WHITE,,,"Letter, Snap Pack, Self Mailer, Print Other","0000-00-00 00:00:00",,"03/18/2020 8:25:11 am",A-00461,"Veritiv - Denver"
2560,P8511-60WH,P,"WHITE 60# 8.5X11",600000,Each,,"0000-00-00 00:00:00",,,,0.0098,0.000000,60.000000,8.5X11,WHITE,,,"Letter, Snap Pack, Self Mailer, Print Other","0000-00-00 00:00:00",,"03/18/2020 8:25:11 am",A-00461,"Veritiv - Denver"
2563,PS8511-GRWDO,PS,"GREEN WDO PS 8.5X11",500000,Each,,"0000-00-00 00:00:00",,,,0.0305,0.000000,0.000000,8.5X11,GREEN,WINDOW,,"Snap Pack","0000-00-00 00:00:00",,"03/19/2020 11:00:56 am",A-00445,"Ennis - Denver"
2580,E10WH-HW,E,"#10 HALF WH BLANK",175000,Each,,"0000-00-00 00:00:00",,,,0.01875,0.000000,0.000000,#10,WHITE,HALF,,"Letter, Print Other","0000-00-00 00:00:00",,"03/24/2020 9:38:09 am",A-00441,"Colorado Envelope Inc."
2580,E10WH-HW-FC-BOX,E,"#10 HALF WH FC BOX",175000,Each,,"0000-00-00 00:00:00",,,,0.01915,0.000000,0.000000,#10,WHITE,HALF,,"Letter, Print Other","0000-00-00 00:00:00",,"03/24/2020 9:38:09 am",A-00441,"Colorado Envelope Inc."
2580,E10WH-HW-SC-BOX,E,"#10 HALF WH STD BOX",175000,Each,,"0000-00-00 00:00:00",,,,0.01915,0.000000,0.000000,#10,WHITE,HALF,,"Letter, Print Other","0000-00-00 00:00:00",,"03/24/2020 9:38:09 am",A-00441,"Colorado Envelope Inc."
2594,E10GR-1W-FC-BOX,E,"#10 S/W GREEN FC BOX 1935",80000,Each,,"0000-00-00 00:00:00",,,,0.0215,0.000000,0.000000,#10,GREEN,1W,,"Letter, Print Other","0000-00-00 00:00:00",,"04/06/2020 11:28:03 am",A-00292,"Southland Envelopes - Sacramento "
2598,E10WH-PW-SC-BOX,E,"#10 PISTOL WH STD BOX ",320000,Each,,"0000-00-00 00:00:00",,,,0.01875,0.000000,0.000000,#10,WHITE,PISTOL,,"Letter, Print Other","0000-00-00 00:00:00",,"03/25/2020 1:15:30 pm",A-00386,"Southland Envelopes - Denver "
2599,E10GR-PW-FC-BOX,E,"#10 PISTOL WINDOW GREEN FC BOX 1935",80000,Each,,"0000-00-00 00:00:00",,,,0.02245,0.000000,0.000000,#10,GREEN,PISTOL,,"Letter, Print Other","0000-00-00 00:00:00",,"03/25/2020 1:16:07 pm",A-00451,"Southland Envelopes - Denver "
2600,P8511-60WH,P,"WHITE 60# 8.5X11",1000000,Each,,"0000-00-00 00:00:00",,,,0.01,0.000000,60.000000,8.5X11,WHITE,,,"Letter, Snap Pack, Self Mailer, Print Other","0000-00-00 00:00:00",,"03/25/2020 1:34:45 pm",A-00475,"Spicers - Denver"
2601,P8511-70WH,P,"WHITE 67.5# (70#) 8.5X11",160000,Each,,"0000-00-00 00:00:00",,,,0.01175,0.000000,0.000000,8.5X11,WHITE,,,"Letter, Snap Pack, Self Mailer, Print Other","0000-00-00 00:00:00",,"03/25/2020 1:35:16 pm",A-00474,"Spicers - Denver"
2602,E10GR-PW-SC-BOX,E,"#10 PISTOL WINDOW GREEN STD BOX 1935",160000,Each,,"0000-00-00 00:00:00",,,,0.02245,0.000000,0.000000,#10,GREEN,PISTOL,,"Letter, Print Other","0000-00-00 00:00:00",,"03/31/2020 12:44:41 pm",A-00451,"Southland Envelopes - Denver "
2603,E10WH-HW-FC-BOX,E,"#10 HALF WH FC BOX",160000,Each,,"0000-00-00 00:00:00",,,,0.01995,0.000000,0.000000,#10,WHITE,HALF,,"Letter, Print Other","0000-00-00 00:00:00",,"04/06/2020 11:18:04 am",A-00392,"Southland Envelopes - Denver "
2604,E10WH-PW-SC-BOX,E,"#10 PISTOL WH STD BOX ",80000,Each,,"0000-00-00 00:00:00",,,,0.01875,0.000000,0.000000,#10,WHITE,PISTOL,,"Letter, Print Other","0000-00-00 00:00:00",,"05/05/2020 8:59:48 am",A-00386,"Southland Envelopes - Denver "
2633,"INBOUND FREIGHT",,"INBOUND FREIGHT",1,Each,,"0000-00-00 00:00:00",,,,225,0.000000,0.000000,,,,,,"0000-00-00 00:00:00",,"03/31/2020 6:48:21 pm",A-00454,"Wilmer - Denver "
2651,PS8511-GRWDO,PS,"GREEN WDO PS 8.5X11",500000,Each,,"0000-00-00 00:00:00",,,,0.0305,0.000000,0.000000,8.5X11,GREEN,WINDOW,,"Snap Pack","0000-00-00 00:00:00",,"04/06/2020 9:30:48 am",A-00471,"Ennis - Denver"
2654,E9WH-0W-REMIT,E,"#9 WHITE REG REMIT - PPM",10000,Each,,"0000-00-00 00:00:00",,,,0.065,0.000000,0.000000,#9,WHITE,"NO WINDOW",,"Letter, Print Other","0000-00-00 00:00:00",,"04/06/2020 11:19:55 am",A-00493,"Southland Envelopes - Denver "
2668,E10WH-HW,E,"#10 HALF WH BLANK",286000,Each,,"0000-00-00 00:00:00",,,,0.01955,0.000000,0.000000,#10,WHITE,HALF,,"Letter, Print Other","0000-00-00 00:00:00",,"04/08/2020 7:51:55 am",A-00392,"Southland Envelopes - Denver "
2669,E69WH-2W,E,"6X9 WH D/W BLANK",160000,Each,,"0000-00-00 00:00:00",,,,0.038,0.000000,0.000000,6X9,WHITE,2W,,"Letter, Print Other","0000-00-00 00:00:00",,"04/08/2020 7:52:46 am",A-00490,"Southland Envelopes - Denver "
2677,P8511-60WH,P,"WHITE 60# 8.5X11",300000,Each,,"0000-00-00 00:00:00",,,,0.0098,0.000000,60.000000,8.5X11,WHITE,,,"Letter, Snap Pack, Self Mailer, Print Other","0000-00-00 00:00:00",,"04/09/2020 8:05:24 am",A-00509,"Veritiv - Denver"
2678,P8511-60WH,P,"WHITE 60# 8.5X11",640000,Each,,"0000-00-00 00:00:00",,,,0.00995,0.000000,60.000000,8.5X11,WHITE,,,"Letter, Snap Pack, Self Mailer, Print Other","0000-00-00 00:00:00",,"04/09/2020 8:05:57 am",A-00510,"Veritiv - Denver"
2710,E10WH-FULLW,E,"#10 FULL WINDOW WHITE",160000,Each,,"0000-00-00 00:00:00",,,,0.0296,0.000000,24.000000,#10,WHITE,FULL,,"Letter, Print Other","0000-00-00 00:00:00",,"04/16/2020 11:32:12 am",A-00508,"Southland Envelopes - Denver "
2729,PS8511-GRWDO,PS,"GREEN WDO PS 8.5X11",510000,Each,,"0000-00-00 00:00:00",,,,0.0305,0.000000,0.000000,8.5X11,GREEN,WINDOW,,"Snap Pack","0000-00-00 00:00:00",,"04/21/2020 11:23:10 am",A-00506,"Ennis - Denver"
2745,P8511-70WH,P,"WHITE 67.5# (70#) 8.5X11",160000,Each,,"0000-00-00 00:00:00",,,,0.01175,0.000000,0.000000,8.5X11,WHITE,,,"Letter, Snap Pack, Self Mailer, Print Other","0000-00-00 00:00:00",,"04/27/2020 2:41:17 pm",A-00532,"Spicers - Denver"
2747,E10WH-HW-FC-BOX,E,"#10 HALF WH FC BOX",240000,Each,,"0000-00-00 00:00:00",,,,0.01995,0.000000,0.000000,#10,WHITE,HALF,,"Letter, Print Other","0000-00-00 00:00:00",,"04/28/2020 10:42:09 am",A-00513,"Southland Envelopes - Denver "
2765,E10WH-1W-SC-EAG,E,"#10 S/W WH STD EAGLE ",240000,Each,,"0000-00-00 00:00:00",,,,0.01635,0.000000,0.000000,#10,WHITE,1W,,"Letter, Print Other","0000-00-00 00:00:00",,"05/01/2020 9:13:18 am",A-00513,"Southland Envelopes - Denver "
2766,P8511-70WH,P,"WHITE 67.5# (70#) 8.5X11",320000,Each,,"0000-00-00 00:00:00",,,,0.01175,0.000000,0.000000,8.5X11,WHITE,,,"Letter, Snap Pack, Self Mailer, Print Other","0000-00-00 00:00:00",,"05/01/2020 9:18:02 am",A-00541,"Spicers - Denver"
2790,E69WH-2W,E,"6X9 WH D/W BLANK",160000,Each,,"0000-00-00 00:00:00",,,,0.038,0.000000,0.000000,6X9,WHITE,2W,,"Letter, Print Other","0000-00-00 00:00:00",,"05/06/2020 8:49:44 am",A-00543,"Southland Envelopes - Denver "
2801,P8511-60WH,P,"WHITE 60# 8.5X11",1440000,Each,,"0000-00-00 00:00:00",,,,0.0095,0.000000,60.000000,8.5X11,WHITE,,,"Letter, Snap Pack, Self Mailer, Print Other","0000-00-00 00:00:00",,"05/07/2020 1:08:42 pm",A-00553,"Veritiv - Denver"
2802,P8511-70WH,P,"WHITE 67.5# (70#) 8.5X11",256000,Each,,"0000-00-00 00:00:00",,,,0.01119,0.000000,0.000000,8.5X11,WHITE,,,"Letter, Snap Pack, Self Mailer, Print Other","0000-00-00 00:00:00",,"05/07/2020 1:12:06 pm",A-00553,"Veritiv - Denver"
2803,P8511-20PI,P,"PINK 20# 8.5X11",150000,Each,,"0000-00-00 00:00:00",,,,0.01,0.000000,0.000000,8.5X11,PINK,,,"Letter, Print Other","0000-00-00 00:00:00",,"05/11/2020 8:01:16 am",A-00558,"Spicers - Denver"
2803,P8511-20BL,P,"BLUE 20# 8.5X11",15000,Each,,"0000-00-00 00:00:00",,,,0.01,0.000000,0.000000,8.5X11,BLUE,,,"Letter, Print Other ","0000-00-00 00:00:00",,"05/11/2020 8:01:16 am",A-00558,"Spicers - Denver"
2810,E10WH-2W-SC-EAG,E,"#10 D/W WH STD EAGLE",240000,Each,,"0000-00-00 00:00:00",,,,0.01765,0.000000,0.000000,#10,WHITE,2W,,"Letter, Print Other","0000-00-00 00:00:00",,"05/12/2020 12:05:34 pm",A-00547,"Southland Envelopes - Denver "
2822,P1117-60WH,P,"WHITE 60# 11X17",50000,Each,,"0000-00-00 00:00:00",,,,0.0213,0.000000,0.000000,11X17,WHITE,,,"Letter, Converted, Self Mailer, Print Other","0000-00-00 00:00:00",,"05/18/2020 7:20:25 am",A-00572,"Spicers - Denver"
2823,P8511-60PI,P,"PINK 60# 8.5X11",100000,Each,,"0000-00-00 00:00:00",,,,0.01241,0.000000,0.000000,8.5X11,PINK,,,"Letter, Print Other","0000-00-00 00:00:00",,"05/18/2020 7:22:24 am",A-00578,"Veritiv - Denver"
2830,E10BK-1W,E,"#10 S/W BK BLANK",160000,Each,,"0000-00-00 00:00:00",,,,0.019,0.000000,0.000000,#10,"BROWN KRAFT",1W,,"Letter, Print Other","0000-00-00 00:00:00",,"05/19/2020 10:57:26 am",A-00547,"Southland Envelopes - Denver "
