ZipsServed,SCF,City,Zip,Sac,Den,Atl,Bal
14,CENTRAL MA,SHREWSBURY,01546-0001,8,7,5,
15,CENTRAL MA,SHREWSBURY,01546-0001,8,7,5,
16,CENTRAL MA,SHREWSBURY,01546-0001,8,7,5,
17,CENTRAL MA,SHREWSBURY,01546-0001,8,7,5,
18,MIDDLESEX ESSEX,NORTH READING,01889-7001,8,7,5,
19,MIDDLESEX ESSEX,NORTH READING,01889-7001,8,7,5,
20,BROCKTON,BROCKTON,02301-5571,8,7,5,
21,BOSTON,BOSTON,02205-0002,8,7,5,
22,BOSTON,BOSTON,02205-0002,8,7,5,
23,BROCKTON,BROCKTON,02301-5571,8,7,5,
24,NORTHWEST BOSTON,WALTHAM,02451-0099,8,7,5,
25,CAPE COD,WAREHAM,02571-9701,8,7,5,
26,CAPE COD,WAREHAM,02571-9701,8,7,5,
27,PROVIDENCE,PROVIDENCE,02904-2477,8,7,5,
28,PROVIDENCE,PROVIDENCE,02904-2477,8,7,5,
29,PROVIDENCE,PROVIDENCE,02904-2477,8,7,5,
30,MANCHESTER,MANCHESTER,03103-9997,8,7,5,
31,MANCHESTER,MANCHESTER,03103-9997,8,7,5,
32,MANCHESTER,MANCHESTER,03103-9997,8,7,5,
33,MANCHESTER,MANCHESTER,03103-9997,8,7,5,
34,MANCHESTER,MANCHESTER,03103-9997,8,7,5,
35,WHITE RIVER JUNCTION,WHITE RIVER JUNCTION,05001-9997,8,7,5,
36,WHITE RIVER JUNCTION,WHITE RIVER JUNCTION,05001-9997,8,7,5,
37,WHITE RIVER JUNCTION,WHITE RIVER JUNCTION,05001-9997,8,7,5,
38,PORTSMOUTH,PORTSMOUTH,03801-9995,8,7,5,
39,PORTSMOUTH,PORTSMOUTH,03801-9995,8,7,5,
40,SOUTHERN  MAINE,SCARBOROUGH,04074-7001,8,7,5,
41,SOUTHERN  MAINE,SCARBOROUGH,04074-7001,8,7,5,
42,SOUTHERN  MAINE,SCARBOROUGH,04074-7001,8,7,5,
43,SOUTHERN  MAINE,SCARBOROUGH,04074-7001,8,7,5,
44,BANGOR,HAMPDEN,04444-7099,8,8,6,
45,SOUTHERN  MAINE,SCARBOROUGH,04074-7001,8,7,5,
46,BANGOR,HAMPDEN,04444-7099,8,8,6,
47,BANGOR,HAMPDEN,04444-7099,8,8,6,
48,SOUTHERN  MAINE,SCARBOROUGH,04074-7001,8,7,5,
49,BANGOR,HAMPDEN,04444-7099,8,8,6,
50,WHITE RIVER JUNCTION,WHITE RIVER JUNCTION,05001-9997,8,7,5,
51,WHITE RIVER JUNCTION,WHITE RIVER JUNCTION,05001-9997,8,7,5,
52,WHITE RIVER JUNCTION,WHITE RIVER JUNCTION,05001-9997,8,7,5,
53,WHITE RIVER JUNCTION,WHITE RIVER JUNCTION,05001-9997,8,7,5,
54,BURLINGTON,ESSEX JUNCTION,05452-9997,8,7,5,
55,MIDDLESEX ESSEX,NORTH READING,01889-7001,8,7,5,
56,BURLINGTON,ESSEX JUNCTION,05452-9997,8,7,5,
57,WHITE RIVER JUNCTION,WHITE RIVER JUNCTION,05001-9997,8,7,5,
58,WHITE RIVER JUNCTION,WHITE RIVER JUNCTION,05001-9997,8,7,5,
59,WHITE RIVER JUNCTION,WHITE RIVER JUNCTION,05001-9997,8,7,5,
7,SAN JUAN,SAN JUAN,00936-9312,8,8,7,
8,SAN JUAN,SAN JUAN,00936-9312,8,8,7,
9,SAN JUAN,SAN JUAN,00936-9312,8,8,7,
11,SPRINGFIELD P & D CTR,SPRINGFIELD,01152-9900,8,7,5,
12,SPRINGFIELD P & D CTR,SPRINGFIELD,01152-9900,8,7,5,
61,HARTFORD,HARTFORD,06101-9998,8,7,5,
62,HARTFORD,HARTFORD,06101-9998,8,7,5,
63,SOUTHERN CT,WALLINGFORD,06492-9051,8,7,5,
64,SOUTHERN CT,WALLINGFORD,06492-9051,8,7,5,
65,SOUTHERN CT,WALLINGFORD,06492-9051,8,7,5,
66,SOUTHERN CT,WALLINGFORD,06492-9051,8,7,5,
67,WATERBURY,WATERBURY,06701-9998,8,7,5,
68,STAMFORD,STAMFORD,06910-1002,8,7,5,
69,STAMFORD,STAMFORD,06910-1002,8,7,5,
71,DOMINICK V DANIELS,KEARNY,07099-9400,8,7,5,
72,DOMINICK V DANIELS,KEARNY,07099-9400,8,7,5,
73,DOMINICK V DANIELS,KEARNY,07099-9400,8,7,5,
74,NORTHERN NJ METRO,TETERBORO,07699-9998,8,7,5,
75,NORTHERN NJ METRO,TETERBORO,07699-9998,8,7,5,
76,NORTHERN NJ METRO,TETERBORO,07699-9998,8,7,5,
77,MONMOUTH,EATONTOWN,07799-9314,8,7,5,
78,WEST JERSEY,WHIPPANY,07999-9998,8,7,5,
79,WEST JERSEY,WHIPPANY,07999-9998,8,7,5,
80,SOUTH JERSEY P & DC,BELLMAWR,08031-2520,8,7,5,
81,SOUTH JERSEY P & DC,BELLMAWR,08031-2520,8,7,5,
82,SOUTH JERSEY P & DC,BELLMAWR,08031-2520,8,7,5,
83,SOUTH JERSEY P & DC,BELLMAWR,08031-2520,8,7,5,
84,SOUTH JERSEY P & DC,BELLMAWR,08031-2520,8,7,5,
85,TRENTON,TRENTON,08650-9998,8,7,5,
86,TRENTON,TRENTON,08650-9998,8,7,5,
87,TRENTON,TRENTON,08650-9998,8,7,5,
88,KILMER,EDISON,08899-9997,8,7,5,
89,KILMER,EDISON,08899-9997,8,7,5,
106,WESTCHESTER,WHITE PLAINS,10610-1000,8,7,5,
107,WESTCHESTER,WHITE PLAINS,10610-1000,8,7,5,
108,WESTCHESTER,WHITE PLAINS,10610-1000,8,7,5,
109,WESTCHESTER,WHITE PLAINS,10610-1000,8,7,5,
110,QUEENS,FLUSHING,11351-3000,8,7,5,
111,QUEENS,FLUSHING,11351-3000,8,7,5,
112,BROOKLYN,BROOKLYN,11256-9700,8,7,5,
113,QUEENS,FLUSHING,11351-3000,8,7,5,
114,QUEENS,FLUSHING,11351-3000,8,7,5,
115,WESTERN NASSAU,GARDEN CITY,11599-9998,8,7,5,
116,BROOKLYN,BROOKLYN,11256-9700,8,7,5,
117,MID ISLAND,MELVILLE,11747-3832,8,7,5,
118,MID ISLAND,MELVILLE,11747-3832,8,7,5,
119,MID ISLAND,MELVILLE,11747-3832,8,7,5,
120,ALBANY,ALBANY,12288-9997,8,7,5,
121,ALBANY,ALBANY,12288-9997,8,7,5,
122,ALBANY,ALBANY,12288-9997,8,7,5,
123,ALBANY,ALBANY,12288-9997,8,7,5,
124,MID HUDSON,NEWBURGH,12555-8301,8,7,5,
125,MID HUDSON,NEWBURGH,12555-8301,8,7,5,
126,MID HUDSON,NEWBURGH,12555-8301,8,7,5,
127,MID HUDSON,NEWBURGH,12555-8301,8,7,5,
128,GLENS FALLS,GLENS FALLS,12801-9998,8,7,5,
129,PLATTSBURGH,PLATTSBURGH,12901-1257,8,7,5,
130,SYRACUSE,SYRACUSE,13220-9998,8,7,5,
131,SYRACUSE,SYRACUSE,13220-9998,8,7,5,
132,SYRACUSE,SYRACUSE,13220-9998,8,7,5,
133,UTICA,UTICA,13504-9998,8,7,5,
134,UTICA,UTICA,13504-9998,8,7,5,
135,UTICA,UTICA,13504-9998,8,7,5,
136,WATERTOWN,WATERTOWN,13601-9998,8,7,5,
137,BINGHAMTON,BINGHAMTON,13902-9998,8,7,5,
138,BINGHAMTON,BINGHAMTON,13902-9998,8,7,5,
139,BINGHAMTON,BINGHAMTON,13902-9998,8,7,5,
140,BUFFALO,BUFFALO,14240-9702,8,6,5,
141,BUFFALO,BUFFALO,14240-9702,8,6,5,
142,BUFFALO,BUFFALO,14240-9702,8,6,5,
143,BUFFALO,BUFFALO,14240-9702,8,6,5,
144,ROCHESTER,ROCHESTER,14692-9998,8,6,5,
145,ROCHESTER,ROCHESTER,14692-9998,8,6,5,
146,ROCHESTER,ROCHESTER,14692-9998,8,6,5,
147,JAMESTOWN,JAMESTOWN,14701-9998,8,6,5,
148,ELMIRA,ELMIRA,14901-9998,8,6,5,
149,ELMIRA,ELMIRA,14901-9998,8,6,5,
150,PITTSBURGH PDC,PITTSBURGH,15290-1001,8,6,4,
151,PITTSBURGH PDC,PITTSBURGH,15290-1001,8,6,4,
152,PITTSBURGH PDC,PITTSBURGH,15290-1001,8,6,4,
153,PITTSBURGH PDC,PITTSBURGH,15290-1001,8,6,4,
154,PITTSBURGH PDC,PITTSBURGH,15290-1001,8,6,4,
91,KILMER,EDISON,08899-9997,8,7,5,
92,KILMER,EDISON,08899-9997,8,7,5,
94,KILMER,EDISON,08899-9997,8,7,5,
95,KILMER,EDISON,08899-9997,8,7,5,
96,KILMER,EDISON,08899-9997,8,7,5,
97,KILMER,EDISON,08899-9997,8,7,5,
98,KILMER,EDISON,08899-9997,8,7,5,
101,NEW YORK,NEW YORK,10199-9704,8,7,5,
102,NEW YORK,NEW YORK,10199-9704,8,7,5,
161,NEW CASTLE,NEW CASTLE,16108-9998,8,6,4,
162,NEW CASTLE,NEW CASTLE,16108-9998,8,6,4,
163,ERIE,ERIE,16515-9998,8,6,4,
164,ERIE,ERIE,16515-9998,8,6,4,
165,ERIE,ERIE,16515-9998,8,6,4,
169,WILLIAMSPORT,WILLIAMSPORT,17701-9997,8,7,4,
170,HARRISBURG,HARRISBURG,17107-9997,8,7,4,
171,HARRISBURG,HARRISBURG,17107-9997,8,7,4,
172,HARRISBURG,HARRISBURG,17107-9997,8,7,4,
173,LANCASTER,LANCASTER,17604-9992,8,7,4,
174,LANCASTER,LANCASTER,17604-9992,8,7,4,
175,LANCASTER,LANCASTER,17604-9992,8,7,4,
176,LANCASTER,LANCASTER,17604-9992,8,7,4,
177,WILLIAMSPORT,WILLIAMSPORT,17701-9997,8,7,4,
178,HARRISBURG,HARRISBURG,17107-9997,8,7,4,
179,READING,READING,19612-9992,8,7,4,
180,LEHIGH VALLEY,LEHIGH VALLEY,18002-,8,7,5,
181,LEHIGH VALLEY,LEHIGH VALLEY,18002-,8,7,5,
182,WILKES BARRE,WILKES BARRE,18701-9997,8,7,5,
183,LEHIGH VALLEY,LEHIGH VALLEY,18002-,8,7,5,
184,SCRANTON,SCRANTON,18505-9997,8,7,5,
185,SCRANTON,SCRANTON,18505-9997,8,7,5,
186,WILKES BARRE,WILKES BARRE,18701-9997,8,7,5,
187,WILKES BARRE,WILKES BARRE,18701-9997,8,7,5,
188,SCRANTON,SCRANTON,18505-9997,8,7,5,
189,SOUTHEASTERN P&DC,SOUTHEASTERN,19399-9992,8,7,5,
190,PHILA P&DC,PHILADELPHIA,19176-9997,8,7,5,
191,PHILA P&DC,PHILADELPHIA,19176-9997,8,7,5,
192,PHILA P&DC,PHILADELPHIA,19176-9997,8,7,5,
158,JOHNSTOWN,JOHNSTOWN,15904-6940,8,6,4,
159,JOHNSTOWN,JOHNSTOWN,15904-6940,8,6,4,
195,READING,READING,19612-9992,8,7,4,
196,READING,READING,19612-9992,8,7,4,
198,WILMINGTON P & DC,NEW CASTLE,19720-4183,8,7,5,
199,WILMINGTON P & DC,NEW CASTLE,19720-4183,8,7,5,
201,DULLES,DULLES,20101-9998,8,7,4,
202,WASHINGTON,WASHINGTON,20018-1004,8,7,4,
203,WASHINGTON,WASHINGTON,20018-1004,8,7,4,
204,WASHINGTON,WASHINGTON,20018-1004,8,7,4,
205,WASHINGTON,WASHINGTON,20018-1004,8,7,4,
206,SOUTHERN MARYLAND,CAPITOL HEIGHTS,20790-9998,8,7,4,
207,SOUTHERN MARYLAND,CAPITOL HEIGHTS,20790-9998,8,7,4,
208,SUBURBAN MARYLAND,GAITHERSBURG,20898-9993,8,7,4,
209,SUBURBAN MARYLAND,GAITHERSBURG,20898-9993,8,7,4,
210,LINTHICUM  IMF,LINTHICUM HEIGHTS,21090-2225,8,7,4,
211,LINTHICUM  IMF,LINTHICUM HEIGHTS,21090-2225,8,7,4,
212,BALTIMORE,BALTIMORE,21233-9998,8,7,4,
215,CUMBERLAND,CUMBERLAND,21502-9998,8,7,4,
216,EASTERN SHORE,EASTON,21601-9997,8,7,4,
217,FREDERICK,FREDERICK,21704-9996,8,7,4,
218,EASTERN SHORE,EASTON,21601-9997,8,7,4,
219,BALTIMORE,BALTIMORE,21233-9998,8,7,4,
220,NORTHERN VA,MERRIFIELD,22081-9700,8,7,4,
221,NORTHERN VA,MERRIFIELD,22081-9700,8,7,4,
222,NORTHERN VA,MERRIFIELD,22081-9700,8,7,4,
223,NORTHERN VA,MERRIFIELD,22081-9700,8,7,4,
225,RICHMOND,RICHMOND,23232-9998,8,7,4,
227,CULPEPER,CULPEPER,22701-9998,8,7,4,
229,CHARLOTTESVILLE,CHARLOTTESVILLE,22911-9002,8,7,4,
230,RICHMOND,RICHMOND,23232-9998,8,7,4,
231,RICHMOND,RICHMOND,23232-9998,8,7,4,
232,RICHMOND,RICHMOND,23232-9998,8,7,4,
234,NORFOLK,NORFOLK,23501-9908,8,7,4,
235,NORFOLK,NORFOLK,23501-9908,8,7,4,
236,NORFOLK,NORFOLK,23501-9908,8,7,4,
237,NORFOLK,NORFOLK,23501-9908,8,7,4,
239,FARMVILLE SCF,FARMVILLE,23901-9998,8,7,4,
241,ROANOKE,ROANOKE,24022-9998,8,6,4,
245,LYNCHBURG,LYNCHBURG,24506-9998,8,6,4,
246,BLUEFIELD,BLUEFIELD,24701-9998,8,6,4,
247,BLUEFIELD,BLUEFIELD,24701-9998,8,6,4,
248,BLUEFIELD,BLUEFIELD,24701-9998,8,6,4,
249,LEWISBURG,LEWISBURG,24901-9998,8,6,4,
250,CHARLESTON,CHARLESTON,25309-9426,8,6,4,
251,CHARLESTON,CHARLESTON,25309-9426,8,6,4,
252,CHARLESTON,CHARLESTON,25309-9426,8,6,4,
253,CHARLESTON,CHARLESTON,25309-9426,8,6,4,
256,HUNTINGTON,HUNTINGTON,25704-9998,8,7,4,
257,HUNTINGTON,HUNTINGTON,25704-9998,8,7,4,
258,BECKLEY,BECKLEY,25801-9998,8,7,4,
259,BECKLEY,BECKLEY,25801-9998,8,7,4,
260,WHEELING MPC,WHEELING,26003-9998,8,6,4,
261,PARKERSBURG,PARKERSBURG,26101-9998,8,6,4,
262,CLARKSBURG,CLARKSBURG,26301-9997,8,6,4,
263,CLARKSBURG,CLARKSBURG,26301-9997,8,6,4,
264,CLARKSBURG,CLARKSBURG,26301-9997,8,6,4,
265,CLARKSBURG,CLARKSBURG,26301-9997,8,6,4,
266,GASSAWAY,GASSAWAY,26624-9998,8,6,4,
271,GREENSBORO,GREENSBORO,27498-9795,8,6,3,
272,GREENSBORO,GREENSBORO,27498-9795,8,6,3,
273,GREENSBORO,GREENSBORO,27498-9795,8,6,3,
274,GREENSBORO,GREENSBORO,27498-9795,8,6,3,
275,RALEIGH,RALEIGH,27676-9803,8,7,4,
276,RALEIGH,RALEIGH,27676-9803,8,7,4,
277,RALEIGH,RALEIGH,27676-9803,8,7,4,
278,ROCKY MOUNT,ROCKY MOUNT,27801-9997,8,7,4,
279,ROCKY MOUNT,ROCKY MOUNT,27801-9997,8,7,4,
288,ASHEVILLE,ASHEVILLE,28810-9998,8,6,2,
289,ASHEVILLE,ASHEVILLE,28810-9998,8,6,2,
290,COLUMBIA,WEST COLUMBIA,29172-3007,8,6,3,
291,COLUMBIA,WEST COLUMBIA,29172-3007,8,6,3,
292,COLUMBIA,WEST COLUMBIA,29172-3007,8,6,3,
293,GREENVILLE,GREENVILLE,29602-9997,8,6,3,
294,CHARLESTON,NORTH CHARLESTON,29418-3302,8,7,3,
295,FLORENCE,FLORENCE,29501-9998,8,6,3,
296,GREENVILLE,GREENVILLE,29602-9997,8,6,3,
297,CHARLOTTE,CHARLOTTE,28228-9880,8,6,3,
298,AUGUSTA,AUGUSTA,30901-9997,8,6,2,
299,SAVANNAH,SAVANNAH,31408-9997,8,7,3,
300,NORTH METRO,DULUTH,30096-8608,8,6,1,
301,NORTH METRO,DULUTH,30096-8608,8,6,1,
302,ATLANTA,ATLANTA,30304-9997,8,6,1,
303,ATLANTA,ATLANTA,30304-9997,8,6,1,
304,SWAINSBORO,SWAINSBORO,30401-9997,8,6,2,
305,ATHENS,ATHENS,30601-1653,8,6,1,
306,ATHENS,ATHENS,30601-1653,8,6,1,
307,CHATTANOOGA P&DC,CHATTANOOGA,37421-9997,8,6,2,
308,AUGUSTA,AUGUSTA,30901-9997,8,6,2,
309,AUGUSTA,AUGUSTA,30901-9997,8,6,2,
310,MACON,MACON,31213-9997,8,6,2,
311,ATLANTA,ATLANTA,30304-9997,8,6,1,
312,MACON,MACON,31213-9997,8,6,2,
268,PETERSBURG,PETERSBURG,26847-9998,8,7,4,
284,FAYETTEVILLE,FAYETTEVILLE,28301-5027,8,7,4,
285,KINSTON,KINSTON,28501-4995,8,7,4,
286,HICKORY,HICKORY,28601-9378,8,6,3,
314,SAVANNAH,SAVANNAH,31408-9997,8,7,3,
315,WAYCROSS,WAYCROSS,31501-9905,8,7,3,
316,VALDOSTA,VALDOSTA,31601-4627,8,6,3,
317,ALBANY,ALBANY,31701-9997,8,6,3,
281,CHARLOTTE,CHARLOTTE,28228-9880,8,7,4,
282,CHARLOTTE,CHARLOTTE,28228-9880,8,7,4,
319,COLUMBUS,COLUMBUS,31907-9992,8,6,2,
321,DAYTONA BEACH,DAYTONA BEACH,32114-9998,8,7,3,
322,JACKSONVILLE,JACKSONVILLE,32203-9998,8,7,3,
323,TALLAHASSEE,TALLAHASSEE,32301-9998,8,6,3,
324,PANAMA CITY,PANAMA CITY,32401-4465,8,6,3,
325,PENSACOLA,PENSACOLA,32501-9998,8,6,3,
326,GAINESVILLE,GAINESVILLE,32608-9998,8,7,3,
327,MID FLORIDA,MID FLORIDA,32799-8801,8,7,4,
328,ORLANDO,ORLANDO,32862-8499,8,7,4,
329,ORLANDO,ORLANDO,32862-8499,8,7,4,
330,SOUTH FLORIDA,PEMBROKE PINES,33082-9699,8,7,4,
331,MIAMI,MIAMI,33152-9997,8,7,4,
332,MIAMI,MIAMI,33152-9997,8,7,4,
333,FORT LAUDERDALE,FORT LAUDERDALE,33310-9998,8,7,4,
334,WEST PALM BEACH,WEST PALM BEACH,33416-3599,8,7,4,
335,TAMPA P&DC,TAMPA,33630-5000,8,7,4,
336,TAMPA P&DC,TAMPA,33630-5000,8,7,4,
337,SAINT PETERSBURG,SAINT PETERSBURG,33730-9997,8,7,4,
338,LAKELAND,LAKELAND,33805-9997,8,7,4,
339,FORT MYERS,FORT MYERS,33913-9997,8,7,4,
340,MIAMI,MIAMI,33152-9997,8,7,4,
341,FORT MYERS,FORT MYERS,33913-9997,8,7,4,
342,MANASOTA,SARASOTA,34260-5000,8,7,4,
355,BIRMINGHAM,BIRMINGHAM,35203-3824,8,6,2,
356,HUNTSVILLE,HUNTSVILLE,35813-1000,8,6,2,
357,HUNTSVILLE,HUNTSVILLE,35813-1000,8,6,2,
358,HUNTSVILLE,HUNTSVILLE,35813-1000,8,6,2,
359,BIRMINGHAM,BIRMINGHAM,35203-3824,8,6,2,
360,MONTGOMERY,MONTGOMERY,36119-9998,8,6,2,
361,MONTGOMERY,MONTGOMERY,36119-9998,8,6,2,
362,ANNISTON,ANNISTON,36201-4615,8,6,2,
363,DOTHAN,DOTHAN,36302-4500,8,6,2,
364,EVERGREEN,EVERGREEN,36401-2803,8,6,2,
365,MOBILE,MOBILE,36675-9539,8,6,3,
366,MOBILE,MOBILE,36675-9539,8,6,3,
367,MONTGOMERY,MONTGOMERY,36119-9998,8,6,2,
368,MONTGOMERY,MONTGOMERY,36119-9998,8,6,2,
369,MERIDIAN,MERIDIAN,39301-9998,7,5,4,
350,BIRMINGHAM,BIRMINGHAM,35203-3824,8,6,2,
351,BIRMINGHAM,BIRMINGHAM,35203-3824,8,6,2,
352,BIRMINGHAM,BIRMINGHAM,35203-3824,8,6,2,
371,NASHVILLE P&DC,NASHVILLE,37230-9997,8,6,2,
372,NASHVILLE P&DC,NASHVILLE,37230-9997,8,6,2,
373,CHATTANOOGA P&DC,CHATTANOOGA,37421-9997,8,6,2,
374,CHATTANOOGA P&DC,CHATTANOOGA,37421-9997,8,6,2,
377,KNOXVILLE,KNOXVILLE,37950-9998,8,6,2,
378,KNOXVILLE,KNOXVILLE,37950-9998,8,6,2,
379,KNOXVILLE,KNOXVILLE,37950-9998,8,6,2,
381,MEMPHIS P&DC,MEMPHIS,38101-7900,7,5,4,
382,MCKENZIE,MC KENZIE,38201-9998,7,5,4,
383,JACKSON,JACKSON,38301-,7,5,4,
387,GREENVILLE,GREENVILLE,38701-9998,7,5,4,
388,TUPELO,TUPELO,38801-9998,7,5,4,
389,GRENADA,GRENADA,38901-9998,7,5,4,
390,JACKSON,JACKSON,39201-9997,7,5,4,
391,JACKSON,JACKSON,39201-9997,7,5,4,
392,JACKSON,JACKSON,39201-9997,7,5,4,
393,MERIDIAN,MERIDIAN,39301-9998,7,5,4,
394,HATTIESBURG,HATTIESBURG,39402-9998,8,6,4,
395,GULFPORT,GULFPORT,39503-9997,8,6,4,
396,MCCOMB,MCCOMB,39648-9998,8,6,4,
397,COLUMBUS,COLUMBUS,39705-9998,7,5,4,
398,ALBANY,ALBANY,31701-9997,8,6,3,
400,LOUISVILLE,LOUISVILLE,40231-9989,8,6,4,
401,LOUISVILLE,LOUISVILLE,40231-9989,8,6,4,
402,LOUISVILLE,LOUISVILLE,40231-9989,8,6,4,
403,LEXINGTON,LEXINGTON,40511-9998,8,6,3,
404,LEXINGTON,LEXINGTON,40511-9998,8,6,3,
405,LEXINGTON,LEXINGTON,40511-9998,8,6,3,
406,LEXINGTON,LEXINGTON,40511-9998,8,6,3,
407,LONDON,LONDON,40741-9998,8,6,2,
408,LONDON,LONDON,40741-9998,8,6,2,
409,LONDON,LONDON,40741-9998,8,6,2,
410,CINCINNATI,CINCINNATI,45234-9998,8,6,4,
347,ORLANDO,ORLANDO,32862-8499,8,7,4,
385,COOKEVILLE,COOKEVILLE,38501-4149,8,5,3,
412,ASHLAND,ASHLAND,41101-9998,8,6,4,
414,CAMPTON,CAMPTON,41301-9998,8,6,3,
421,BOWLING GREEN,BOWLING GREEN,42104-9997,8,5,3,
422,BOWLING GREEN,BOWLING GREEN,42104-9997,8,5,3,
423,OWENSBORO,OWENSBORO,42301-9998,7,5,4,
424,EVANSVILLE,,-,8,6,2,
425,SOMERSET,SOMERSET,42501-9998,8,6,2,
426,SOMERSET,SOMERSET,42501-9998,8,6,2,
427,ELIZABETHTOWN,ELIZABETHTOWN,42701-9998,8,6,4,
431,COLUMBUS,COLUMBUS,43218-9997,8,6,4,
432,COLUMBUS,COLUMBUS,43218-9997,8,6,4,
433,COLUMBUS,COLUMBUS,43218-9997,8,6,4,
434,TOLEDO,TOLEDO,43601-9998,8,6,4,
435,TOLEDO,TOLEDO,43601-9998,8,6,4,
436,TOLEDO,TOLEDO,43601-9998,8,6,4,
437,ZANESVILLE,ZANESVILLE,43701-9992,8,6,4,
438,ZANESVILLE,ZANESVILLE,43701-9992,8,6,4,
440,CLEVELAND,CLEVELAND,44101-9701,8,6,4,
441,CLEVELAND,CLEVELAND,44101-9701,8,6,4,
442,AKRON,AKRON,44309-9902,8,6,4,
443,AKRON,AKRON,44309-9902,8,6,4,
444,YOUNGSTOWN,YOUNGSTOWN,44501-9993,8,6,4,
445,YOUNGSTOWN,YOUNGSTOWN,44501-9993,8,6,4,
446,CANTON,CANTON,44711-9998,8,6,4,
447,CANTON,CANTON,44711-9998,8,6,4,
448,MANSFIELD,MANSFIELD,44901-9997,8,6,4,
449,MANSFIELD,MANSFIELD,44901-9997,8,6,4,
451,CINCINNATI,CINCINNATI,45234-9998,8,6,4,
452,CINCINNATI,CINCINNATI,45234-9998,8,6,4,
453,DAYTON,DAYTON,45401-9998,8,6,4,
454,DAYTON,DAYTON,45401-9998,8,6,4,
455,DAYTON,DAYTON,45401-9998,8,6,4,
456,CHILLICOTHE,CHILLICOTHE,45601-3257,8,6,4,
457,ATHENS,ATHENS,45701-2668,8,6,4,
458,LIMA,LIMA,45804-9997,8,6,4,
460,INDIANAPOLIS,INDIANAPOLIS,46206-9997,8,5,4,
461,INDIANAPOLIS,INDIANAPOLIS,46206-9997,8,5,4,
462,INDIANAPOLIS,INDIANAPOLIS,46206-9997,8,5,4,
463,GARY,GARY,46401-9997,7,5,4,
464,GARY,GARY,46401-9997,7,5,4,
465,SOUTH BEND,SOUTH BEND,46601-9997,8,5,4,
466,SOUTH BEND,SOUTH BEND,46601-9997,8,5,4,
467,FORT WAYNE,FORT WAYNE,46802-9998,8,6,4,
468,FORT WAYNE,FORT WAYNE,46802-9998,8,6,4,
469,KOKOMO,KOKOMO,46902-9998,8,5,4,
470,CINCINNATI,CINCINNATI,45234-9998,8,6,4,
471,LOUISVILLE,LOUISVILLE,40231-9989,8,6,4,
472,COLUMBUS,COLUMBUS,47201-9998,8,5,4,
473,MUNCIE,MUNCIE,47302-9997,8,6,4,
474,BLOOMINGTON,BLOOMINGTON,47404-9997,8,5,4,
475,TERRE HAUTE,TERRE HAUTE,47802-9997,8,5,4,
476,EVANSVILLE,,-,8,5,4,
477,EVANSVILLE,,-,8,5,4,
478,TERRE HAUTE,TERRE HAUTE,47802-9997,8,5,4,
479,LAFAYETTE,LAFAYETTE,47901-9998,8,5,4,
480,ROYAL OAK,TROY,48083-2000,8,6,4,
481,DETROIT,DETROIT,48233-9997,8,6,4,
482,DETROIT,DETROIT,48233-9997,8,6,4,
483,ROYAL OAK,TROY,48083-2000,8,6,4,
484,FLINT,FLINT,48502-9998,8,6,4,
485,FLINT,FLINT,48502-9998,8,6,4,
486,SAGINAW,SAGINAW,48601-2510,8,6,4,
487,SAGINAW,SAGINAW,48601-2510,8,6,4,
488,LANSING,LANSING,48924-9998,8,6,5,
489,LANSING,LANSING,48924-9998,8,6,5,
490,KALAMAZOO,KALAMAZOO,49009-9997,8,5,5,
491,KALAMAZOO,KALAMAZOO,49009-9997,8,5,5,
492,JACKSON,JACKSON,49202-9998,8,6,4,
493,GRAND RAPIDS,GRAND RAPIDS,49501-9998,8,5,5,
494,GRAND RAPIDS,GRAND RAPIDS,49501-9998,8,5,5,
495,GRAND RAPIDS,GRAND RAPIDS,49501-9998,8,5,5,
496,TRAVERSE CITY,TRAVERSE CITY,49686-9997,8,6,5,
497,GAYLORD,GAYLORD,49735-7331,8,6,5,
499,IRON MOUNTAIN,KINGSFORD,49802-9997,7,5,5,
500,DES MOINES,DES MOINES,50318-9997,7,4,5,
501,DES MOINES,DES MOINES,50318-9997,7,4,5,
502,DES MOINES,DES MOINES,50318-9997,7,4,5,
503,DES MOINES,DES MOINES,50318-9997,7,4,5,
504,WATERLOO,WATERLOO,50701-4649,7,5,5,
505,FORT DODGE,FORT DODGE,50501-6401,7,4,5,
506,WATERLOO,WATERLOO,50701-4649,7,5,5,
507,WATERLOO,WATERLOO,50701-4649,7,5,5,
508,CRESTON,CRESTON,50801-3600,7,4,5,
509,DES MOINES,DES MOINES,50318-9997,7,4,5,
416,PIKEVILLE,PIKEVILLE,41501-9998,8,6,4,
418,HAZARD,HAZARD,41701-9998,8,6,2,
511,SIOUX CITY,SIOUX CITY,51111-9997,7,4,5,
512,SIOUX CITY,SIOUX CITY,51111-9997,7,4,5,
513,SIOUX CITY,SIOUX CITY,51111-9997,7,4,5,
515,OMAHA,OMAHA,68108-9998,6,4,5,
516,OMAHA,OMAHA,68108-9998,6,4,5,
520,DUBUQUE,DUBUQUE,52001-9997,7,5,5,
521,DECORAH,DECORAH,52101-1463,7,5,5,
522,CEDAR RAPIDS,CEDAR RAPIDS,52401-9997,7,5,5,
523,CEDAR RAPIDS,CEDAR RAPIDS,52401-9997,7,5,5,
524,CEDAR RAPIDS,CEDAR RAPIDS,52401-9997,7,5,5,
525,DES MOINES,DES MOINES,50318-9997,7,4,5,
526,BURLINGTON,BURLINGTON,52601-5215,7,5,5,
527,QUAD CITIES,MILAN,61264-9997,7,5,5,
528,QUAD CITIES,MILAN,61264-9997,7,5,5,
538,MADISON,MADISON,53714-9998,7,5,5,
539,PORTAGE,PORTAGE,53901-9998,7,5,5,
540,SAINT PAUL,SAINT PAUL,55101-1438,7,5,5,
541,GREEN BAY,GREEN BAY,54303-9998,7,5,5,
542,GREEN BAY,GREEN BAY,54303-9998,7,5,5,
543,GREEN BAY,GREEN BAY,54303-9998,7,5,5,
544,WAUSAU,ROTHSCHILD,54474-7955,7,5,5,
545,RHINELANDER,RHINELANDER,54501-9998,7,5,5,
546,LA CROSSE,LA CROSSE,54601-3346,7,5,5,
547,EAU CLAIRE,EAU CLAIRE,54703-0487,7,5,5,
548,SPOONER,SPOONER,54801-1402,7,5,5,
549,OSHKOSH,OSHKOSH,54902-9998,7,5,5,
550,SAINT PAUL,SAINT PAUL,55101-1438,7,5,5,
551,SAINT PAUL,SAINT PAUL,55101-1438,7,5,5,
554,MINNEAPOLIS,MINNEAPOLIS,55401-2002,7,5,5,
555,MINNEAPOLIS,MINNEAPOLIS,55401-2002,7,5,5,
556,DULUTH,DULUTH,55806-9998,7,5,5,
557,DULUTH,DULUTH,55806-9998,7,5,5,
558,DULUTH,DULUTH,55806-9998,7,5,5,
559,ROCHESTER,ROCHESTER,55901-2208,7,5,5,
560,MANKATO,MANKATO,56001-9997,7,5,5,
561,MANKATO,MANKATO,56001-9997,7,5,5,
562,WILLMAR,WILLMAR,56201-3367,7,5,5,
563,SAINT CLOUD,WAITE PARK,56387-1519,7,5,5,
564,BRAINERD,BRAINERD,56401-3556,7,5,5,
571,SIOUX FALLS,SIOUX FALLS,57104-9300,6,4,5,
572,DAKOTA CENTRAL,HURON,57399-9998,6,4,6,
573,DAKOTA CENTRAL,HURON,57399-9998,6,4,6,
574,ABERDEEN,ABERDEEN,57401-9998,6,4,6,
575,PIERRE,PIERRE,57501-2419,6,4,6,
576,MOBRIDGE,MOBRIDGE,57601-9998,6,4,6,
577,RAPID CITY,RAPID CITY,57701-9998,5,3,6,
581,FARGO,FARGO,58102-4702,6,5,6,
582,GRAND FORKS,GRAND FORKS,58201-9998,6,5,6,
583,DEVILS LAKE,DEVILS LAKE,58301-9998,6,5,6,
584,JAMESTOWN,JAMESTOWN,58401-9998,6,5,6,
585,BISMARCK P & DF,BISMARCK,58504-9998,6,4,6,
586,BISMARCK P & DF,BISMARCK,58504-9998,6,4,6,
587,MINOT,MINOT,58701-9998,6,4,6,
588,WILLISTON,WILLISTON,58801-9998,6,4,6,
591,BILLINGS,BILLINGS,59101-4561,5,4,7,
592,WOLF POINT,WOLF POINT,59201-9998,5,4,7,
593,MILES CITY,MILES CITY,59301-9998,5,4,7,
594,GREAT FALLS,GREAT FALLS,59404-9991,5,5,7,
595,HAVRE,HAVRE,59501-9998,5,5,7,
596,HELENA,HELENA,59601-9998,5,5,7,
597,BUTTE,BUTTE,59701-9998,5,4,7,
531,MILWAUKEE,MILWAUKEE,53203-3207,7,5,5,
532,MILWAUKEE,MILWAUKEE,53203-3207,7,5,5,
535,MADISON,MADISON,53714-9998,7,5,5,
566,BEMIDJI,BEMIDJI,56601-9998,7,5,6,
567,GRAND FORKS,GRAND FORKS,58201-9998,6,5,6,
599,KALISPELL,KALISPELL,59901-9998,5,5,7,
601,CAROL STREAM,CAROL STREAM,60199-9997,7,5,4,
602,PALATINE,PALATINE,60095-9997,7,5,4,
603,CAROL STREAM,CAROL STREAM,60199-9997,7,5,4,
607,CHICAGO,CHICAGO,60699-3916,7,5,4,
608,CHICAGO,CHICAGO,60699-3916,7,5,4,
609,KANKAKEE,KANKAKEE,60901-9998,7,5,4,
611,ROCKFORD,ROCKFORD,61125-9997,7,5,4,
612,QUAD CITIES,MILAN,61264-9997,7,5,5,
613,LA SALLE,LA SALLE,61301-9812,7,5,4,
614,GALESBURG,GALESBURG,61401-9998,7,5,4,
615,PEORIA,PEORIA,61601-9998,7,5,4,
616,PEORIA,PEORIA,61601-9998,7,5,4,
618,CHAMPAIGN,CHAMPAIGN,61821-9998,7,5,4,
619,CHAMPAIGN,CHAMPAIGN,61821-9998,7,5,4,
623,QUINCY,QUINCY,62305-9997,7,5,4,
626,SPRINGFIELD,SPRINGFIELD,62703-9998,7,5,4,
627,SPRINGFIELD,SPRINGFIELD,62703-9998,7,5,4,
628,CENTRALIA,CENTRALIA,62801-9998,7,5,4,
629,CARBONDALE,CARBONDALE,62901-9997,7,5,4,
630,SAINT LOUIS,SAINT LOUIS,63155-9903,7,5,4,
631,SAINT LOUIS,SAINT LOUIS,63155-9903,7,5,4,
634,QUINCY,QUINCY,62305-9997,7,5,4,
635,QUINCY,QUINCY,62305-9997,7,5,4,
636,CAPE GIRARDEAU,CAPE GIRARDEAU,63701-9706,7,5,4,
637,CAPE GIRARDEAU,CAPE GIRARDEAU,63701-9706,7,5,4,
638,CAPE GIRARDEAU,CAPE GIRARDEAU,63701-9706,7,5,4,
639,CAPE GIRARDEAU,CAPE GIRARDEAU,63701-9706,7,5,4,
640,KANSAS CITY,KANSAS CITY,64121-9997,7,4,5,
641,KANSAS CITY,KANSAS CITY,64121-9997,7,4,5,
645,SAINT JOSEPH,SAINT JOSEPH,64501-9998,7,4,5,
646,CHILLICOTHE,CHILLICOTHE,64601-9998,7,4,5,
647,HARRISONVILLE,HARRISONVILLE,64701-4022,7,4,5,
648,SPRINGFIELD,SPRINGFIELD,65801-9998,7,5,4,
649,KANSAS CITY,KANSAS CITY,64121-9997,7,4,5,
650,MID MISSOURI,COLUMBIA,65299-0001,7,5,4,
651,MID MISSOURI,COLUMBIA,65299-0001,7,5,4,
652,MID MISSOURI,COLUMBIA,65299-0001,7,5,4,
653,MID MISSOURI,COLUMBIA,65299-0001,7,5,4,
654,SPRINGFIELD,SPRINGFIELD,65801-9998,7,5,4,
655,SPRINGFIELD,SPRINGFIELD,65801-9998,7,5,4,
656,SPRINGFIELD,SPRINGFIELD,65801-9998,7,5,4,
657,SPRINGFIELD,SPRINGFIELD,65801-9998,7,5,4,
658,SPRINGFIELD,SPRINGFIELD,65801-9998,7,5,4,
670,WICHITA GMF,WICHITA,67276-9998,6,4,5,
671,WICHITA GMF,WICHITA,67276-9998,6,4,5,
672,WICHITA GMF,WICHITA,67276-9998,6,4,5,
673,INDEPENDENCE,INDEPENDENCE,67301-9998,6,4,5,
674,SALINA,SALINA,67401-9998,6,4,5,
675,HUTCHINSON,HUTCHINSON,67501-9998,6,4,5,
676,HAYS,HAYS,67601-9998,6,4,5,
677,COLBY,COLBY,67701-9998,6,3,6,
678,DODGE CITY,DODGE CITY,67801-9998,6,4,5,
679,LIBERAL,LIBERAL,67901-9998,6,4,5,
665,TOPEKA,TOPEKA,66618-2835,7,4,5,
666,TOPEKA,TOPEKA,66618-2835,7,4,5,
667,FORT SCOTT,FORT SCOTT,66701-9998,7,4,5,
668,TOPEKA,TOPEKA,66618-2835,7,4,5,
661,KANSAS CITY,KANSAS CITY,66106-9724,7,5,5,
662,KANSAS CITY,KANSAS CITY,66106-9724,7,5,5,
681,OMAHA,OMAHA,68108-9998,6,4,5,
684,LINCOLN,LINCOLN,68501-9998,6,4,5,
685,LINCOLN,LINCOLN,68501-9998,6,4,5,
686,NORFOLK,NORFOLK,68701-9997,6,4,5,
687,NORFOLK,NORFOLK,68701-9997,6,4,5,
688,GRAND ISLAND,GRAND ISLAND,68803-9977,6,4,5,
689,GRAND ISLAND,GRAND ISLAND,68803-9977,6,4,5,
691,NORTH PLATTE,NORTH PLATTE,69101-9998,6,3,6,
692,VALENTINE,VALENTINE,69201-9998,6,3,6,
693,ALLIANCE,ALLIANCE,69301-3343,6,3,6,
701,NEW ORLEANS,NEW ORLEANS,70113-9998,8,6,4,
704,MANDEVILLE,MANDEVILLE,70471-9998,8,6,4,
706,LAKE CHARLES,LAKE CHARLES,70601-9998,7,5,4,
707,BATON ROUGE,BATON ROUGE,70810-2830,7,5,4,
708,BATON ROUGE,BATON ROUGE,70810-2830,7,5,4,
720,LITTLE ROCK P&DC,LITTLE ROCK,72231-9998,7,5,4,
721,LITTLE ROCK P&DC,LITTLE ROCK,72231-9998,7,5,4,
722,LITTLE ROCK P&DC,LITTLE ROCK,72231-9998,7,5,4,
723,MEMPHIS P&DC,MEMPHIS,38101-7900,7,5,4,
724,NORTHEAST ARKANSAS P&DC,JONESBORO,72401-9996,7,5,4,
725,BATESVILLE,BATESVILLE,72501-5626,7,5,4,
726,HARRISON,HARRISON,72601-9998,7,5,4,
727,NORTHWEST ARKANSAS,FAYETTEVILLE,72701-9997,7,5,4,
728,RUSSELLVILLE,RUSSELLVILLE,72801-9998,7,5,4,
729,FORT SMITH,FORT SMITH,72903-9998,7,5,4,
731,OKLAHOMA CITY,OKLAHOMA CITY,73125-9100,6,4,5,
734,ARDMORE,ARDMORE,73401-9998,6,4,5,
735,LAWTON,LAWTON,73501-9998,6,4,5,
736,CLINTON,CLINTON,73601-9998,6,4,5,
737,ENID,ENID,73701-9998,6,4,5,
738,WOODWARD,WOODWARD,73801-9998,6,4,5,
739,LIBERAL,LIBERAL,67901-9998,6,4,5,
740,TULSA P & DC,TULSA,74141-9997,6,4,5,
741,TULSA P & DC,TULSA,74141-9997,6,4,5,
744,MUSKOGEE,MUSKOGEE,74401-9998,6,4,5,
745,MCALESTER,MCALESTER,74501-9997,6,4,5,
746,PONCA CITY,PONCA CITY,74601-9998,6,4,5,
747,DURANT,DURANT,74701-9998,6,4,5,
748,SHAWNEE,SHAWNEE,74804-9122,6,4,5,
749,POTEAU,POTEAU,74953-3923,6,4,5,
750,NORTH TEXAS,COPPELL,75099-8888,7,5,5,
751,DALLAS,DALLAS,75260-9998,7,5,5,
752,DALLAS,DALLAS,75260-9998,7,5,5,
753,DALLAS,DALLAS,75260-9998,7,5,5,
754,GREENVILLE,,-,7,5,5,
755,TEXARKANA,TEXARKANA,75501-9998,7,5,5,
756,EAST TEXAS,TYLER,75708-9901,7,5,5,
757,EAST TEXAS,TYLER,75708-9901,7,5,5,
758,PALESTINE,PALESTINE,75803-9998,7,5,5,
759,LUFKIN,LUFKIN,75904-9998,7,5,5,
760,FORT WORTH,FORT WORTH,76161-9997,6,5,5,
761,FORT WORTH,FORT WORTH,76161-9997,6,5,5,
762,FORT WORTH,FORT WORTH,76161-9997,6,5,5,
763,WICHITA FALLS,WICHITA FALLS,76302-9995,6,5,5,
764,FORT WORTH,FORT WORTH,76161-9997,6,5,5,
765,WACO,WACO,76702-0009,6,5,5,
766,WACO,WACO,76702-0009,6,5,5,
767,WACO,WACO,76702-0009,6,5,5,
768,ABILENE,ABILENE,79601-9997,6,4,5,
769,MIDLAND,MIDLAND,79711-9996,6,4,6,
770,HOUSTON,HOUSTON,77201-9998,6,5,5,
773,NORTH HOUSTON,NORTH HOUSTON,77315-9900,7,5,5,
774,NORTH HOUSTON,NORTH HOUSTON,77315-9900,7,5,5,
775,NORTH HOUSTON,NORTH HOUSTON,77315-9900,7,5,5,
776,BEAUMONT,BEAUMONT,77707-9998,7,5,5,
777,BEAUMONT,BEAUMONT,77707-9998,7,5,5,
778,BRYAN,BRYAN,77801-9998,7,5,5,
779,VICTORIA,VICTORIA,77901-9998,7,5,5,
780,SAN ANTONIO,SAN ANTONIO,78284-9991,7,5,5,
781,SAN ANTONIO,SAN ANTONIO,78284-9991,7,5,5,
782,SAN ANTONIO,SAN ANTONIO,78284-9991,7,5,5,
783,CORPUS CHRISTI,CORPUS CHRISTI,78469-9998,7,5,5,
784,CORPUS CHRISTI,CORPUS CHRISTI,78469-9998,7,5,5,
711,SHREVEPORT,SHREVEPORT,71102-9998,7,5,4,
712,MONROE,MONROE,71203-9998,7,5,4,
713,ALEXANDRIA,,-,7,5,4,
714,ALEXANDRIA,,-,7,5,4,
787,AUSTIN,AUSTIN,78710-9998,7,5,5,
788,SAN ANTONIO,SAN ANTONIO,78284-9991,7,5,5,
789,AUSTIN,AUSTIN,78710-9998,7,5,5,
790,AMARILLO,AMARILLO,79120-9998,6,4,5,
791,AMARILLO,AMARILLO,79120-9998,6,4,5,
792,CHILDRESS,CHILDRESS,79201-9998,6,4,5,
798,EL PASO,EL PASO,79910-9998,5,4,6,
799,EL PASO,EL PASO,79910-9998,5,4,6,
800,DENVER PDC,DENVER,80266-0001,5,1,6,
801,DENVER PDC,DENVER,80266-0001,5,1,6,
802,DENVER PDC,DENVER,80266-0001,5,1,6,
803,DENVER PDC,DENVER,80266-0001,5,1,6,
804,DENVER PDC,DENVER,80266-0001,5,1,6,
805,TWIN PEAKS,LONGMONT,80504-9997,5,1,6,
806,DENVER PDC,DENVER,80266-0001,5,1,6,
807,DENVER PDC,DENVER,80266-0001,5,1,6,
808,COLORADO SPRINGS,COLORADO SPRINGS,80910-3733,5,1,6,
809,COLORADO SPRINGS,COLORADO SPRINGS,80910-3733,5,1,6,
810,COLORADO SPRINGS,COLORADO SPRINGS,80910-3733,5,1,6,
811,ALAMOSA,ALAMOSA,81101-9998,5,1,6,
812,SALIDA,SALIDA,81201-2843,5,1,6,
813,DURANGO,,-,5,2,6,
814,GRAND JUNCTION,GRAND JUNCTION,81505-1016,5,3,6,
815,GRAND JUNCTION,GRAND JUNCTION,81505-1016,5,3,6,
816,GLENWOOD SPRINGS,GLENWOOD SPRINGS,81601-2595,5,3,6,
821,BILLINGS,BILLINGS,59101-4561,5,4,7,
822,WHEATLAND,WHEATLAND,82201-9998,5,2,6,
823,RAWLINS,RAWLINS,82301-9998,5,2,6,
824,WORLAND,WORLAND,82401-9998,5,3,6,
825,RIVERTON,RIVERTON,82501-9998,5,3,6,
826,CASPER,CASPER,82609-9998,5,3,6,
827,GILLETTE,GILLETTE,82716-9998,5,3,6,
828,SHERIDAN,SHERIDAN,82801-9998,5,3,6,
830,ROCK SPRINGS,,-,5,3,6,
831,ROCK SPRINGS,,-,5,3,6,
832,POCATELLO MP ANNEX,POCATELLO,83202-1970,4,4,7,
833,TWIN FALLS MP ANNEX,TWIN FALLS,83301-9998,4,5,8,
834,POCATELLO MP ANNEX,POCATELLO,83202-1970,4,4,7,
835,LEWISTON PDF,LEWISTON,83501-9998,5,5,8,
836,BOISE PDC,BOISE,83708-9997,4,5,8,
837,BOISE PDC,BOISE,83708-9997,4,5,8,
838,SPOKANE PDC,SPOKANE,99224-9997,5,5,8,
717,CAMDEN ANNEX,CAMDEN,71701-4605,7,5,4,
718,TEXARKANA,TEXARKANA,75501-9998,7,5,4,
794,LUBBOCK,LUBBOCK,79402-9998,6,4,5,
841,SALT LAKE CITY,SALT LAKE CITY,84199-9997,4,4,7,
842,SALT LAKE CITY,SALT LAKE CITY,84199-9997,4,4,7,
843,SALT LAKE CITY,SALT LAKE CITY,84199-9997,4,4,7,
844,SALT LAKE CITY,SALT LAKE CITY,84199-9997,4,4,7,
796,ABILENE,ABILENE,79601-9997,6,4,5,
846,PROVO,PROVO,84606-9998,4,4,7,
847,PROVO,PROVO,84606-9998,4,4,7,
852,PHOENIX SCF,PHOENIX,85026-9800,5,4,7,
853,PHOENIX SCF,PHOENIX,85026-9800,5,4,7,
856,TUCSON,TUCSON,85726-9901,5,4,7,
857,TUCSON,TUCSON,85726-9901,5,4,7,
874,FARMINGTON,FARMINGTON,87401-9998,5,4,6,
875,ALBUQUERQUE,ALBUQUERQUE,87101-0001,5,4,6,
877,LAS VEGAS,LAS VEGAS,87701-9998,5,4,6,
878,SOCORRO,SOCORRO,87801-9998,5,4,6,
879,TRUTH OR CONSEQUENCES,TRUTH OR CONSEQUENCES,87901-9998,5,4,6,
880,LAS CRUCES,LAS CRUCES,88001-9998,5,4,6,
881,NORTHWEST STATION,CLOVIS,88101-4199,6,4,5,
882,ROSWELL ANNEX,ROSWELL,88203-9998,6,4,5,
883,ALAMOGORDO,ALAMOGORDO,88310-9998,5,4,6,
884,TUCUMCARI,TUCUMCARI,88401-9998,5,4,6,
885,EL PASO,EL PASO,79910-9998,5,4,6,
860,FLAGSTAFF,FLAGSTAFF,86004-9998,5,4,7,
864,KINGMAN,KINGMAN,86401-9998,4,5,7,
871,ALBUQUERQUE,ALBUQUERQUE,87101-0001,5,4,6,
890,LAS VEGAS,LAS VEGAS,89199-9998,4,5,7,
891,LAS VEGAS,LAS VEGAS,89199-9998,4,5,7,
911,PASADENA,PASADENA,91109-9997,4,5,8,
912,PASADENA,PASADENA,91109-9997,4,5,8,
913,VAN NUYS,SANTA CLARITA,91383-9997,4,5,8,
914,VAN NUYS,SANTA CLARITA,91383-9997,4,5,8,
915,VAN NUYS,SANTA CLARITA,91383-9997,4,5,8,
916,VAN NUYS,SANTA CLARITA,91383-9997,4,5,8,
917,INDUSTRY,CITY OF INDUSTRY,91715-9998,4,5,8,
918,INDUSTRY,CITY OF INDUSTRY,91715-9998,4,5,8,
919,SAN DIEGO,SAN DIEGO,92199-9003,4,5,8,
920,SAN DIEGO,SAN DIEGO,92199-9003,4,5,8,
921,SAN DIEGO,SAN DIEGO,92199-9003,4,5,8,
922,SAN BERNARDINO,SAN BERNARDINO,92403-9997,4,5,8,
923,SAN BERNARDINO,SAN BERNARDINO,92403-9997,4,5,8,
924,SAN BERNARDINO,SAN BERNARDINO,92403-9997,4,5,8,
925,SAN BERNARDINO,SAN BERNARDINO,92403-9997,4,5,8,
926,SANTA ANA,SANTA ANA,92799-0101,4,5,8,
927,SANTA ANA,SANTA ANA,92799-0101,4,5,8,
928,ANAHEIM,ANAHEIM,92899-9998,4,5,8,
931,SANTA BARBARA,GOLETA,93199-9997,4,5,8,
932,BAKERSFIELD,BAKERSFIELD,93380-9998,3,5,8,
933,BAKERSFIELD,BAKERSFIELD,93380-9998,3,5,8,
934,SANTA BARBARA,GOLETA,93199-9997,4,5,8,
935,MOJAVE,MOJAVE,93501-9998,2,5,8,
936,FRESNO,FRESNO,93706-8000,2,5,8,
937,FRESNO,FRESNO,93706-8000,2,5,8,
939,SALINAS,SALINAS,93907-8000,2,5,8,
940,SAN FRANCISCO,SAN FRANCISCO,94188-,2,5,8,
941,SAN FRANCISCO,SAN FRANCISCO,94188-,2,5,8,
942,SACRAMENTO,WEST SACRAMENTO,95799-0100,1,5,8,
943,SAN FRANCISCO,SAN FRANCISCO,94188-,2,5,8,
944,SAN FRANCISCO,SAN FRANCISCO,94188-,2,5,8,
945,OAKLAND,OAKLAND,94615-0001,2,5,8,
946,OAKLAND,OAKLAND,94615-0001,2,5,8,
947,OAKLAND,OAKLAND,94615-0001,2,5,8,
948,OAKLAND,OAKLAND,94615-0001,2,5,8,
949,NORTH BAY,PETALUMA,94999-9998,2,5,8,
950,SAN JOSE,SAN JOSE,95101-9998,2,5,8,
951,SAN JOSE,SAN JOSE,95101-9998,2,5,8,
952,STOCKTON,STOCKTON,95213-9998,1,5,8,
953,STOCKTON,STOCKTON,95213-9998,1,5,8,
954,NORTH BAY,PETALUMA,94999-9998,2,5,8,
955,EUREKA,EUREKA,95501-9903,3,6,8,
956,SACRAMENTO,WEST SACRAMENTO,95799-0100,1,5,8,
957,SACRAMENTO,WEST SACRAMENTO,95799-0100,1,5,8,
958,SACRAMENTO,WEST SACRAMENTO,95799-0100,1,5,8,
959,MARYSVILLE,OLIVEHURST,95961-9997,2,5,8,
960,REDDING,REDDING,96049-9998,2,5,8,
961,RENO,RENO,89510-9991,2,5,8,
901,LOS ANGELES,LOS ANGELES,90052-9998,4,5,8,
902,LOS ANGELES,LOS ANGELES,90052-9998,4,5,8,
903,LOS ANGELES,LOS ANGELES,90052-9998,4,5,8,
904,LOS ANGELES,LOS ANGELES,90052-9998,4,5,8,
905,LONG BEACH,LONG BEACH,90809-9998,4,5,8,
906,LONG BEACH,LONG BEACH,90809-9998,4,5,8,
907,LONG BEACH,LONG BEACH,90809-9998,4,5,8,
908,LONG BEACH,LONG BEACH,90809-9998,4,5,8,
894,RENO,RENO,89510-9991,2,5,8,
895,RENO,RENO,89510-9991,2,5,8,
898,ELKO,ELKO,89801-9997,4,4,7,
963,SAN FRANCISCO,SAN FRANCISCO,94188-,2,5,8,
965,SAN FRANCISCO,SAN FRANCISCO,94188-,2,5,8,
966,SAN FRANCISCO,SAN FRANCISCO,94188-,2,5,8,
971,PORTLAND,PORTLAND,97208-8098,4,5,8,
972,PORTLAND,PORTLAND,97208-8098,4,5,8,
973,SALEM,SALEM,97301-5048,4,5,8,
974,EUGENE P&DF,SPRINGFIELD,97477-1186,4,5,8,
975,MEDFORD,MEDFORD,97501-1357,3,5,8,
976,KLAMATH FALLS,KLAMATH FALLS,97601-9998,3,5,8,
977,BEND,BEND,97701-3615,4,5,8,
978,PENDLETON,PENDLETON,97801-9998,4,5,8,
979,BOISE PDC,BOISE,83708-9997,4,5,8,
980,SEATTLE,TUKWILA,98168-1899,5,6,8,
981,SEATTLE,TUKWILA,98168-1899,5,6,8,
982,EVERETT,EVERETT,98203-6230,5,6,8,
983,TACOMA,TACOMA,98413-9997,4,5,8,
984,TACOMA,TACOMA,98413-9997,4,5,8,
985,OLYMPIA,TUMWATER,98501-9991,4,5,8,
986,PORTLAND,PORTLAND,97208-8098,4,5,8,
989,YAKIMA,YAKIMA,98903-9998,4,5,8,
990,SPOKANE PDC,SPOKANE,99224-9997,5,5,8,
991,SPOKANE PDC,SPOKANE,99224-9997,5,5,8,
992,SPOKANE PDC,SPOKANE,99224-9997,5,5,8,
993,PASCO PDF,PASCO,99301-3800,5,5,8,
994,LEWISTON PDF,LEWISTON,83501-9998,5,5,8,
995,ANCHORAGE PLANT,ANCHORAGE,99530-9998,8,8,8,
996,ANCHORAGE PLANT,ANCHORAGE,99530-9998,8,8,8,
997,FAIRBANKS PLANT,FAIRBANKS,99709-9998,8,8,8,
998,JUNEAU PLANT,JUNEAU,99801-7111,7,8,8,
999,KETCHIKAN,KETCHIKAN,99901-9998,6,7,8,
968,HONOLULU,HONOLULU,96820-9500,8,8,8,
197,WILMINGTON P & DC,NEW CASTLE,19720-4183,8,7,5,1
193,SOUTHEASTERN P&DC,SOUTHEASTERN,19399-9992,8,7,5,1
200,WASHINGTON,WASHINGTON,20018-1004,8,7,4,1*
214,LINTHICUM  IMF,LINTHICUM HEIGHTS,21090-2225,8,7,4,1*
226,WINCHESTER,WINCHESTER,22601-9998,8,7,4,1*
267,CUMBERLAND,CUMBERLAND,21502-9998,8,7,4,1*
254,MARTINSBURG,MARTINSBURG,25404-9998,8,7,4,2
157,JOHNSTOWN,JOHNSTOWN,15904-6940,8,6,4,2
168,ALTOONA,DUNCANSVILLE,16635-9997,8,6,4,2
194,SOUTHEASTERN P&DC,SOUTHEASTERN,19399-9992,8,7,5,2
166,ALTOONA,DUNCANSVILLE,16635-9997,8,6,4,2
104,BRONX,BRONX,10451-9998,8,7,5,2
100,NEW YORK,NEW YORK,10199-9704,8,7,5,2
155,JOHNSTOWN,JOHNSTOWN,15904-6940,8,6,4,2
70,DOMINICK V DANIELS,KEARNY,07099-9400,8,7,5,2
228,CHARLOTTESVILLE,CHARLOTTESVILLE,22911-9002,8,7,4,2*
224,RICHMOND,RICHMOND,23232-9998,8,7,4,2*
238,RICHMOND,RICHMOND,23232-9998,8,7,4,2*
244,CHARLOTTESVILLE,CHARLOTTESVILLE,22911-9002,8,7,4,2*
90,KILMER,EDISON,08899-9997,8,7,5,2+
5,MID ISLAND,MELVILLE,11747-3832,8,7,5,3
10,SPRINGFIELD P & D CTR,SPRINGFIELD,01152-9900,8,7,5,3
60,HARTFORD,HARTFORD,06101-9998,8,7,5,3
156,GREENSBURG MPC,YOUNGWOOD,15697-1711,8,6,4,3
105,WESTCHESTER,WHITE PLAINS,10610-1000,8,7,5,3
103,STATEN ISLAND,STATEN ISLAND,10314-2967,8,7,5,3
167,ERIE,ERIE,16515-9998,8,6,4,3
243,ROANOKE,ROANOKE,24022-9998,8,6,4,3
270,GREENSBORO,GREENSBORO,27498-9795,8,6,3,3
283,FAYETTEVILLE,FAYETTEVILLE,28301-5027,8,7,4,3
240,ROANOKE,ROANOKE,24022-9998,8,6,4,3
255,HUNTINGTON,HUNTINGTON,25704-9998,8,7,4,3
160,NEW CASTLE,NEW CASTLE,16108-9998,8,6,4,3
439,STEUBENVILLE,STEUBENVILLE,43952-9998,8,6,4,3
415,PIKEVILLE,PIKEVILLE,41501-9998,8,6,4,3
411,ASHLAND,ASHLAND,41101-9998,8,6,4,3
233,NORFOLK,NORFOLK,23501-9908,8,7,4,3*
242,BRISTOL,BRISTOL,24203-9998,8,6,2,4
280,CHARLOTTE,CHARLOTTE,28228-9880,8,7,4,4
318,COLUMBUS,COLUMBUS,31907-9992,8,6,2,4
287,ASHEVILLE,ASHEVILLE,28810-9998,8,6,2,4
370,NASHVILLE P&DC,NASHVILLE,37230-9997,8,6,2,4
13,SPRINGFIELD P & D CTR,SPRINGFIELD,01152-9900,8,7,5,4
399,ATLANTA,ATLANTA,30304-9997,8,6,1,4
384,COLUMBIA,COLUMBIA,38401-9998,8,5,3,4
413,CAMPTON,CAMPTON,41301-9998,8,6,3,4
430,COLUMBUS,COLUMBUS,43218-9997,8,6,4,4
450,CINCINNATI,CINCINNATI,45234-9998,8,6,4,4
420,PADUCAH,PADUCAH,42003-9998,7,5,4,4
417,HAZARD,HAZARD,41701-9998,8,6,2,4
624,EFFINGHAM,EFFINGHAM,62401-9998,7,5,4,4
376,JOHNSON CITY P&DC,JOHNSON CITY,37601-9998,8,6,2,4
606,CHICAGO,CHICAGO,60699-3916,7,5,4,4
617,BLOOMINGTON,BLOOMINGTON,61701-9988,7,5,4,4
604,SOUTH SUBURBAN,BEDFORD PARK,60499-9998,7,5,4,4
605,FOX VALLEY,FOX VALLEY,60599-9998,7,5,4,5
610,ROCKFORD,ROCKFORD,61125-9997,7,5,4,5
600,PALATINE,PALATINE,60095-9997,7,5,4,5
537,MADISON,MADISON,53714-9998,7,5,5,5
534,MILWAUKEE,MILWAUKEE,53203-3207,7,5,5,5
620,SAINT LOUIS,SAINT LOUIS,63155-9903,7,5,4,5
622,SAINT LOUIS,SAINT LOUIS,63155-9903,7,5,4,5
625,SPRINGFIELD,SPRINGFIELD,62703-9998,7,5,4,5
633,SAINT LOUIS,SAINT LOUIS,63155-9903,7,5,4,5
703,HOUMA,,-,8,6,4,5
700,NEW ORLEANS,NEW ORLEANS,70113-9998,8,6,4,5
683,LINCOLN,LINCOLN,68501-9998,6,4,5,5
664,TOPEKA,TOPEKA,66618-2835,7,4,5,5
680,OMAHA,OMAHA,68108-9998,6,4,5,5
660,KANSAS CITY,KANSAS CITY,66106-9724,7,5,5,5
644,SAINT JOSEPH,SAINT JOSEPH,64501-9998,7,4,5,5
514,CARROLL,CARROLL,51401-9998,7,4,5,5
553,MINNEAPOLIS,MINNEAPOLIS,55401-2002,7,5,5,5
530,MILWAUKEE,MILWAUKEE,53203-3207,7,5,5,5
498,IRON MOUNTAIN,KINGSFORD,49802-9997,7,5,5,5
386,MEMPHIS P&DC,MEMPHIS,38101-7900,7,5,4,5
349,WEST PALM BEACH,WEST PALM BEACH,33416-3599,8,7,4,5
380,MEMPHIS P&DC,MEMPHIS,38101-7900,7,5,4,5
375,MEMPHIS P&DC,MEMPHIS,38101-7900,7,5,4,5
354,TUSCALOOSA,TUSCALOOSA,35405-4552,8,6,2,5
344,GAINESVILLE,GAINESVILLE,32608-9998,8,7,3,5
346,TAMPA P&DC,TAMPA,33630-5000,8,7,4,5
320,JACKSONVILLE,JACKSONVILLE,32203-9998,8,7,3,5
313,SAVANNAH,SAVANNAH,31408-9997,8,7,3,5
719,HOT SPRINGS NATIONAL PARK,HOT SPRINGS NATIONAL PARK,71913-9998,7,5,4,5
716,PINE BLUFF,PINE BLUFF,71601-5004,7,5,4,5
772,HOUSTON,HOUSTON,77201-9998,6,5,5,6
795,ABILENE,ABILENE,79601-9997,6,4,5,6
786,AUSTIN,AUSTIN,78710-9998,7,5,5,6
510,SIOUX CITY,SIOUX CITY,51111-9997,7,4,5,6
669,SALINA,SALINA,67401-9998,6,4,5,6
690,MC COOK,MC COOK,69001-9998,6,3,6,6
705,LAFAYETTE,LAFAYETTE,70501-3601,7,5,4,6
710,SHREVEPORT,SHREVEPORT,71102-9998,7,5,4,6
743,TULSA P & DC,TULSA,74141-9997,6,4,5,6
730,OKLAHOMA CITY,OKLAHOMA CITY,73125-9100,6,4,5,6
570,SIOUX FALLS,SIOUX FALLS,57104-9300,6,4,5,6
580,FARGO,FARGO,58102-4702,6,5,6,6
565,DETROIT LAKES,DETROIT LAKES,56501-9998,6,5,6,6
590,BILLINGS,BILLINGS,59101-4561,5,4,7,7
6,SAN JUAN,SAN JUAN,00936-9312,8,8,7,7
845,PROVO,PROVO,84606-9998,4,4,7,7
797,MIDLAND,MIDLAND,79711-9996,6,4,6,7
873,GALLUP,GALLUP,87301-9998,5,4,6,7
865,GALLUP,GALLUP,87301-9998,5,4,6,7
870,ALBUQUERQUE,ALBUQUERQUE,87101-0001,5,4,6,7
793,LUBBOCK,LUBBOCK,79402-9998,6,4,5,7
785,MCALLEN,MCALLEN,78501-9998,7,5,5,7
820,CHEYENNE,CHEYENNE,82009-9997,5,2,6,7
840,SALT LAKE CITY,SALT LAKE CITY,84199-9997,4,4,7,8
829,ROCK SPRINGS,,-,5,3,6,8
863,PRESCOTT SCF,PRESCOTT,86301-9998,5,4,7,8
893,ELY,ELY,89301-3140,4,5,7,8
889,LAS VEGAS,LAS VEGAS,89199-9998,4,5,7,8
850,PHOENIX SCF,PHOENIX,85026-9800,5,4,7,8
859,SHOW LOW,SHOW LOW,85901-9998,5,4,7,8
855,GLOBE SCF,GLOBE,85501-1494,5,4,7,8
930,OXNARD,OXNARD,93030-8989,4,5,8,8
970,PORTLAND,PORTLAND,97208-8098,4,5,8,8
988,WENATCHEE,WENATCHEE,98801-9777,4,5,8,8
967,HONOLULU,HONOLULU,96820-9500,8,8,8,8
900,LOS ANGELES,LOS ANGELES,90052-9998,4,5,8,8
897,RENO,RENO,89510-9991,2,5,8,8
910,PASADENA,PASADENA,91109-9997,4,5,8,8
598,MISSOULA,MISSOULA,59801-9998,5,5,7,8
962,SAN FRANCISCO,SAN FRANCISCO,94188-,2,5,8,8+
969,BARRIGADA,BARRIGADA,96913-9998,9,9,9,9+
