job_due_date,client,job_num,job_name,invoice_num,pmod_or_freight,gross_billed,quantity,pricing,postal_prep,production_cost,per_piece,data_cost,postage_psi,data_po_num,three_point_five_percent_cc_fee,special_product_envelopes_env_printing,special_product_envelopes_env_printing_notes,paper_color_print_cost,paper_color_print_cost_notes,shipping_pmod_cost_finishes,shipping_per_piece,misc_cost_pmod_labor_purl_var_img,gross_cost,net_gross_margin_for_labor,sales_rep,comm_paid,new_client,gross_margin_per_piece,comments_descriptions,production_type,all_added_costs
2018-12-06,"Perfect Star Heating and Air Conditioning",61103,"Perfect Star Drop 5",230378,"Drop Ship",4839.45,13727,0.35,25,892.255,0.065,0,2334.1,unknown,unknown,,,892.26,"Redstone Master Price Matrix algorithm: 
 |  added 0.03 + 0.03 because [color] = 4/4
 |  added 0.005 because [papertype] = 80# Gloss Text  & [paper_color] = White",,,0,2289.955,215.395,"Jared Phillips",unknown,unknown,0.02,"White 80# Gloss Text  White, #10 White Regular,  ",Letter," | expensivePaperCost = 0.005 |  | inkjetCost = 0.02 |  | frontColorCost = 0.03 |  | backColorCost = 0.03 |  | inkjetAddressCost = 0.015 |  | $BASE_COST = 0.065 |  | SetupFee_postalPrep = 25 |  | SetupFee_oversizedEnvelope = 0 | "
2019-02-07,"Smartbiz Loans",61579,"Smartbiz Drop 1",232218,PMOD,7774.71,20670,0.38,25,1240.2,0.06,0,5445.34,unknown,unknown,103.35,"Redstone Master Price Matrix algorithm: 
 |  added 0.005 because [envelopepaper] = WHITE",1343.55,"Redstone Master Price Matrix algorithm: 
 |  added 0.03 + 0.03 because [color] = 4/4
 |  added 0.005 because [papertype] = 8.5x14 custom shells green check with micro perf & [paper_color] = ",,,0,2943.8,-614.43,"Jared Phillips",unknown,unknown,-0.03," 8.5x14 custom shells green check with micro perf , WHITE #10 Smartbiz custom double window ,  ",Letter," | expensiveEnvelopeCost = 0.005 |  | expensivePaperCost = 0.005 |  | oversizedEnvelopePerPiece = 0.01 |  | SetupFee_oversizedEnvelope = 25 |  | frontColorCost = 0.03 |  | backColorCost = 0.03 |  | $BASE_COST = 0.06 |  | SetupFee_postalPrep = 25 | "
2018-12-06,"Amerilist Inc",62156,"A La Mode Weddings 26115",230357,PMOD,343.64,783,0.44,25,0,0,0,190.41,unknown,unknown,,,,,,,0,48.49,104.74,"Jared Phillips",unknown,unknown,0.13,"Gloss Cover 100# Gloss Cover,  ,  ","Post Card"," | postCardCost = 0.03 |  | $BASE_COST = 0 |  | SetupFee_postalPrep = 25 |  | SetupFee_oversizedEnvelope = 0 | "
2018-12-03,"Amerilist Inc",62233,"AARP Medicare Puzzle 6x9 Post Card PO 26151",230302,PMOD,217.7,445,0.49,25,0,0,0,115.5,unknown,unknown,,,,,,,0,38.35,63.85,"Jared Phillips",unknown,unknown,0.14,"White Gloss Cover #100 White Gloss Cover,  ,  ","Post Card"," | postCardCost = 0.03 |  | $BASE_COST = 0 |  | SetupFee_postalPrep = 25 |  | SetupFee_oversizedEnvelope = 0 | "
2018-12-14,"Big Valley Mortgage",62300,"Sean Krause December 18",230360,None,169,318,0.53,25,0,0,0,77.53,unknown,unknown,,,,,,,0,34.54,56.93,"Jared Phillips",unknown,unknown,0.18,"Gloss Cover 100# Gloss Cover,  ,  ","Post Card"," | postCardCost = 0.03 |  | $BASE_COST = 0 |  | SetupFee_postalPrep = 25 |  | SetupFee_oversizedEnvelope = 0 | "
2018-12-04,"Community Marketing",62341,"Lotus Dental Group",230358,PMOD,1121.88,4588,0.24,25,0,0,0,720.43,unknown,unknown,,,,,,,0,162.64,238.81,"Jared Phillips",unknown,unknown,0.05,"Gloss Cover 100# Gloss Cover,  ,  ","Post Card"," | postCardCost = 0.03 |  | $BASE_COST = 0 |  | SetupFee_postalPrep = 25 |  | SetupFee_oversizedEnvelope = 0 | "
2018-12-06,"Amerilist Inc",62397,"26167-Seminar at Old Times Harbor",230431,PMOD,267.97,619,0.43,25,0,0,0,145.69,unknown,unknown,,,,,,,0,43.57,78.71,"Jared Phillips",unknown,unknown,0.13,"White Gloss Cover #100 White Gloss Cover,  ,  ","Post Card"," | postCardCost = 0.03 |  | $BASE_COST = 0 |  | SetupFee_postalPrep = 25 |  | SetupFee_oversizedEnvelope = 0 | "
2018-12-14,"Big Valley Mortgage",62410,"Dennis Bergstrom December 18",230624,None,145.42,261,0.56,25,0,0,0,71.45,unknown,unknown,,,,,,,0,32.83,41.14,"Jared Phillips",unknown,unknown,0.16,"Gloss Cover 100# Gloss Cover,  ,  ","Post Card"," | postCardCost = 0.03 |  | $BASE_COST = 0 |  | SetupFee_postalPrep = 25 |  | SetupFee_oversizedEnvelope = 0 | "
2018-12-06,"Amerilist Inc",62458,"4x6 - 26180- Back and Knee Brace Card ",230429,,3082.82,10004,0.31,25,0,0,0,2702.94,unknown,unknown,,,,,,,0,225.08,154.8,"Jared Phillips",unknown,unknown,0.02,"Green Vellum Bristol 67# Green Vellum Bristol,  ,  ","Post Card"," | postCardCost = 0.02 |  | $BASE_COST = 0 |  | SetupFee_postalPrep = 25 |  | SetupFee_oversizedEnvelope = 0 | "
2018-12-28,"Amerilist Inc",62564,"Wellness Method 6x9 PC - 26156",23078,"Drop Ship",1385.06,5004,0.28,25,0,0,0,909.82,unknown,unknown,,,,,,,0,125.08,350.16,"Jared Phillips",unknown,unknown,0.07,"White Gloss Cover #100 White Gloss Cover,  ,  ","Post Card"," | postCardCost = 0.02 |  | $BASE_COST = 0 |  | SetupFee_postalPrep = 25 |  | SetupFee_oversizedEnvelope = 0 | "
2018-12-28,"Amerilist Inc",62565,"Wellness Method 6x9 PC - 26160",230879,"Drop Ship",1385.7,5004,0.28,25,0,0,0,910.46,unknown,unknown,,,,,,,0,125.08,350.16,"Jared Phillips",unknown,unknown,0.07,"Gloss Cover 100# Gloss Cover,  ,  ","Post Card"," | postCardCost = 0.02 |  | $BASE_COST = 0 |  | SetupFee_postalPrep = 25 |  | SetupFee_oversizedEnvelope = 0 | "
2018-12-11,"Community Marketing",62610,"Lotus Dental Group - PC13 Drop 3",230610,PMOD,1119.93,4580,0.24,25,0,0,0,719.18,unknown,unknown,,,,,,,0,162.4,238.35,"Jared Phillips",unknown,unknown,0.05,"Gloss Cover 100# Gloss Cover,  ,  ","Post Card"," | postCardCost = 0.03 |  | $BASE_COST = 0 |  | SetupFee_postalPrep = 25 |  | SetupFee_oversizedEnvelope = 0 | "
2018-12-29,"Perfect Star Heating and Air Conditioning",62651,"62651_Perfect Star - Winter Drop 1 ",231015,"Drop Ship",7133.35,20281,0.35,25,1216.86,0.06,0,3330.44,unknown,unknown,,,1318.27,"Redstone Master Price Matrix algorithm: 
 |  added 0.03 + 0.03 because [color] = 4/4
 |  added 0.005 because [papertype] = 80# Gloss Text  & [paper_color] = White",,,0,3269.96,532.95,"Jared Phillips",unknown,unknown,0.03,"White 80# Gloss Text  White, #10 White Regular,  ",Letter," | expensivePaperCost = 0.005 |  | inkjetCost = 0.02 |  | frontColorCost = 0.03 |  | backColorCost = 0.03 |  | inkjetAddressCost = 0.015 |  | $BASE_COST = 0.06 |  | SetupFee_postalPrep = 25 |  | SetupFee_oversizedEnvelope = 0 | "
2018-12-20,"Amerilist Inc",62910,"AARP - 26224 - Robert Nelson",230908,PMOD,274.05,577,0.47,25,0,0,0,157.69,unknown,unknown,,,,,,,0,42.31,74.05,"Jared Phillips",unknown,unknown,0.13,"Gloss Cover 100# Gloss Cover,  ,  ","Post Card"," | postCardCost = 0.03 |  | $BASE_COST = 0 |  | SetupFee_postalPrep = 25 |  | SetupFee_oversizedEnvelope = 0 | "
2018-12-19,"Community Marketing",62969,"Intero Real Estate-Alex - Chris",230945,PMOD,169.46,680,0.25,25,0,0,0,106.96,unknown,unknown,,,,,,,0,45.4,17.1,"Jared Phillips",unknown,unknown,0.03,"White 12.CS2S Gloss Cover White  White,  ,  ","Post Card"," | postCardCost = 0.03 |  | $BASE_COST = 0 |  | SetupFee_postalPrep = 25 |  | SetupFee_oversizedEnvelope = 0 | "
2018-12-27,"Pacific Energy Coalition",63137,"PEC January Drop E",231086,"Drop Ship",7067.17,24588,0.29,25,1229.4,0.05,0,4252.38,unknown,unknown,,,,,,,245.88,1500.28,1314.51,"Jared Phillips",unknown,unknown,0.05,"White 20# White,  ,   Converted","Snap Pack"," | purlsCost = 0.01 |  | $BASE_COST = 0.05 |  | SetupFee_postalPrep = 25 |  | SetupFee_oversizedEnvelope = 0 | "
2019-01-04,"Community Marketing",63478,"C21 Marquis",231311,PMOD,146.6,596,0.25,25,0,0,0,93.94,unknown,unknown,,,,,,,0,42.88,9.78,"Jared Phillips",unknown,unknown,0.02,"Gloss Cover 100# Gloss Cover,  ,  ","Post Card"," | postCardCost = 0.03 |  | $BASE_COST = 0 |  | SetupFee_postalPrep = 25 |  | SetupFee_oversizedEnvelope = 0 | "
2019-01-09,"valley view home loans",63553,"NV FHA LOANS",231358,,3632.54,5990,0.61,25,359.4,0.06,0,2288.76,unknown,unknown,59.9,"Redstone Master Price Matrix algorithm: 
 |  added 0.01 because [snap_seal] = Pressure Seal & [snap_paper] =  Blue on White",,,,,59.9,504.2,839.58,"Jared Phillips",unknown,unknown,0.14,"White 20# White,  , Blue on White Pressure Seal","Snap Pack"," | pressureSealCost = 0.01 |  | purlsCost = 0.01 |  | $BASE_COST = 0.06 |  | SetupFee_postalPrep = 25 |  | SetupFee_oversizedEnvelope = 0 | "
2019-01-11,"Big Valley Mortgage",63644,"Dennis Bergstrom",231430,None,145.42,261,0.56,25,0,0,0,63.82,unknown,unknown,,,,,,,0,32.83,48.77,"Jared Phillips",unknown,unknown,0.19,"Gloss Cover 100# Gloss Cover,  ,  ","Post Card"," | postCardCost = 0.03 |  | $BASE_COST = 0 |  | SetupFee_postalPrep = 25 |  | SetupFee_oversizedEnvelope = 0 | "
2019-01-11,"Pacific Energy Coalition",63645,"PEC Drop F",231494,"Drop Ship",8933.44,23985,0.37,25,1199.25,0.05,0,4173.36,unknown,unknown,,,,,,,239.85,1464.1,3295.98,"Jared Phillips",unknown,unknown,0.14,"White 20# White,  , White 20# Converted","Snap Pack"," | purlsCost = 0.01 |  | $BASE_COST = 0.05 |  | SetupFee_postalPrep = 25 |  | SetupFee_oversizedEnvelope = 0 | "
2019-01-11,"Big Valley Mortgage",63656,"Sean Krause ",231432,None,170,320,0.53,25,0,0,0,78.06,unknown,unknown,,,,,,,0,34.6,57.34,"Jared Phillips",unknown,unknown,0.18,"Gloss Cover 100# Gloss Cover,  ,  ","Post Card"," | postCardCost = 0.03 |  | $BASE_COST = 0 |  | SetupFee_postalPrep = 25 |  | SetupFee_oversizedEnvelope = 0 | "
2019-01-15,"Amerilist Inc",63870,"AARP - 26307 ",231625,PMOD,728.53,1926,0.38,25,0,0,0,422.38,unknown,unknown,,,,,,,0,82.78,223.37,"Jared Phillips",unknown,unknown,0.12,"White 20# White,  ,  ","Post Card"," | postCardCost = 0.03 |  | $BASE_COST = 0 |  | SetupFee_postalPrep = 25 |  | SetupFee_oversizedEnvelope = 0 | "
2019-01-18,"valley view home loans",63946,"VVHL - CA ",231647,,2498.54,5970,0.42,25,358.2,0.06,0,1628.96,unknown,unknown,59.7,"Redstone Master Price Matrix algorithm: 
 |  added 0.01 because [snap_seal] = Pressure Seal & [snap_paper] =  Blue on White",,,,,59.7,502.6,366.98,"Jared Phillips",unknown,unknown,0.06,"White 20# White,  , Blue on White Pressure Seal","Snap Pack"," | pressureSealCost = 0.01 |  | purlsCost = 0.01 |  | $BASE_COST = 0.06 |  | SetupFee_postalPrep = 25 |  | SetupFee_oversizedEnvelope = 0 | "
2019-01-24,"Perfect Star Heating and Air Conditioning",64003,"Perfect Star-0219 Drop 1",231851,"Drop Ship",7225.04,21788,0.33,25,1307.28,0.06,3621.39,0,unknown,unknown,,,1416.22,"Redstone Master Price Matrix algorithm: 
 |  added 0.03 + 0.03 because [color] = 4/4
 |  added 0.005 because [papertype] = 80# Gloss Text  & [paper_color] = White",,,0,3511.08,3713.96,"Jared Phillips",unknown,unknown,0.17,"White 80# Gloss Text  White, #10 White Regular,  ",Letter," | expensivePaperCost = 0.005 |  | inkjetCost = 0.02 |  | frontColorCost = 0.03 |  | backColorCost = 0.03 |  | inkjetAddressCost = 0.015 |  | $BASE_COST = 0.06 |  | SetupFee_postalPrep = 25 |  | SetupFee_oversizedEnvelope = 0 | "
2019-01-18,"Pacific Energy Coalition",64007,"PEC Drop G ",231712,"Drop Ship",8884.46,23853,0.37,25,1192.65,0.05,0,4153.84,unknown,unknown,,,,,,,238.53,1456.18,3274.44,"Jared Phillips",unknown,unknown,0.14,"White 20# White,  , White 20# Converted","Snap Pack"," | purlsCost = 0.01 |  | $BASE_COST = 0.05 |  | SetupFee_postalPrep = 25 |  | SetupFee_oversizedEnvelope = 0 | "
2019-01-17,"Community Marketing",64040,"Schafer Construction PC53 Drop 2",231687,PMOD,1062.52,4329,0.25,25,0,0,0,683.47,unknown,unknown,,,,,,,0,154.87,224.18,"Jared Phillips",unknown,unknown,0.05,"Custom Custom Custom,  ,  ","Post Card"," | postCardCost = 0.03 |  | $BASE_COST = 0 |  | SetupFee_postalPrep = 25 |  | SetupFee_oversizedEnvelope = 0 | "
2019-01-22,"Amerilist Inc",64102,"AARP - 26335 ",231729,None,673.15,1926,0.35,25,0,0,0,482.14,unknown,unknown,,,,,,,0,82.78,108.23,"Jared Phillips",unknown,unknown,0.06,"White Gloss Cover #100 White Gloss Cover,  ,  ","Post Card"," | postCardCost = 0.03 |  | $BASE_COST = 0 |  | SetupFee_postalPrep = 25 |  | SetupFee_oversizedEnvelope = 0 | "
2019-01-24,"Nationwide Debt Reduction Services",64355,"NDRS - Atlanta Snap Pack 01-21-19",231893,PMOD,36014.94,51151,0.7,25,2557.55,0.05,0,25569.92,unknown,unknown,511.51,"Redstone Master Price Matrix algorithm: 
 |  added 0.01 because [snap_seal] = Pressure Seal & [snap_paper] =  White 20#",,,,,0,3094.06,7350.96,"Jared Phillips",unknown,unknown,0.14,"White 20# White,  , White 20# Pressure Seal","Snap Pack"," | pressureSealCost = 0.01 |  | $BASE_COST = 0.05 |  | SetupFee_postalPrep = 25 |  | SetupFee_oversizedEnvelope = 0 | "
2019-01-24,"Nationwide Debt Reduction Services",64356,"NDRS - W. Sac Snap Pack 01-21-19",231892,PMOD,15447.43,106542,0.14,25,5327.1,0.05,0,12642.17,unknown,unknown,1065.42,"Redstone Master Price Matrix algorithm: 
 |  added 0.01 because [snap_seal] = Pressure Seal & [snap_paper] =  White 20#",,,,,0,6417.52,-3612.26,"Jared Phillips",unknown,unknown,-0.03,"White 20# White,  , White 20# Pressure Seal","Snap Pack"," | pressureSealCost = 0.01 |  | $BASE_COST = 0.05 |  | SetupFee_postalPrep = 25 |  | SetupFee_oversizedEnvelope = 0 | "
2019-01-25,"Action Roofing & Construction Inc",64360,"Hailstorm Insurance",231960,PMOD,2197.94,7008,0.31,25,455.52,0.065,0,1196.05,unknown,unknown,,,,,,,0,725.8,276.09,"Jared Phillips",unknown,unknown,0.04,"White 20# White,  ,  ",Letter," | inkjetCost = 0.02 |  | inkjetAddressCost = 0.015 |  | $BASE_COST = 0.065 |  | SetupFee_postalPrep = 25 |  | SetupFee_oversizedEnvelope = 0 | "
2019-01-24,"Nationwide Debt Reduction Services",64438,"NDRS - West Sac Snap Pack 01-21-19",231893,PMOD,36014.94,23513,1.53,25,1175.65,0.05,0,25569.92,unknown,unknown,235.13,"Redstone Master Price Matrix algorithm: 
 |  added 0.01 because [snap_seal] = Pressure Seal & [snap_paper] =  White 20#",,,,,0,1435.78,9009.24,"Jared Phillips",unknown,unknown,0.38,"White 20# White,  , White 20# Pressure Seal","Snap Pack"," | pressureSealCost = 0.01 |  | $BASE_COST = 0.05 |  | SetupFee_postalPrep = 25 |  | SetupFee_oversizedEnvelope = 0 | "
2019-02-14,"Smartbiz Loans",64457,"Smartbiz Drop 2",232594,PMOD,7545.41,20248,0.37,25,1214.88,0.06,0,5260.38,unknown,unknown,101.24,"Redstone Master Price Matrix algorithm: 
 |  added 0.005 because [envelopepaper] =  White",303.72,"Redstone Master Price Matrix algorithm: 
 |  added 0 + 0.01 because [color] = 1/1
 |  added 0.005 because [papertype] = costume shells & [paper_color] = green check micro perf",,,0,1872.32,412.71,"Jared Phillips",unknown,unknown,0.02,"green check micro perf costume shells green check micro perf,  White #10 Smartbiz custom double window,  ",Letter," | expensiveEnvelopeCost = 0.005 |  | expensivePaperCost = 0.005 |  | oversizedEnvelopePerPiece = 0.01 |  | SetupFee_oversizedEnvelope = 25 |  | backColorCost = 0.01 |  | $BASE_COST = 0.06 |  | SetupFee_postalPrep = 25 | "
2019-02-21,"Smartbiz Loans",64458,"Smartbiz Drop 3",232613,PMOD,7480.91,20194,0.37,25,1211.64,0.06,0,5201.88,unknown,unknown,100.97,"Redstone Master Price Matrix algorithm: 
 |  added 0.005 because [envelopepaper] = White",302.91,"Redstone Master Price Matrix algorithm: 
 |  added 0 + 0.01 because [color] = 1/1
 |  added 0.005 because [papertype] = custom shells & [paper_color] = green check micro perf",,,0,1867.46,411.57,"Jared Phillips",unknown,unknown,0.02,"green check micro perf custom shells green check micro perf, White #10 Smartbiz custom double window,  ",Letter," | expensiveEnvelopeCost = 0.005 |  | expensivePaperCost = 0.005 |  | oversizedEnvelopePerPiece = 0.01 |  | SetupFee_oversizedEnvelope = 25 |  | backColorCost = 0.01 |  | $BASE_COST = 0.06 |  | SetupFee_postalPrep = 25 | "
2019-02-28,"Smartbiz Loans",64459,"Smartbiz Drop 4",232615,PMOD,7485.51,20190,0.37,25,1211.4,0.06,0,5206.82,unknown,unknown,100.95,"Redstone Master Price Matrix algorithm: 
 |  added 0.005 because [envelopepaper] = White",302.85,"Redstone Master Price Matrix algorithm: 
 |  added 0 + 0.01 because [color] = 1/1
 |  added 0.005 because [papertype] = custom shells & [paper_color] = green check micro perf",,,0,1867.1,411.59,"Jared Phillips",unknown,unknown,0.02,"green check micro perf custom shells green check micro perf, White #10 Smartbiz custom double window,  ",Letter," | expensiveEnvelopeCost = 0.005 |  | expensivePaperCost = 0.005 |  | oversizedEnvelopePerPiece = 0.01 |  | SetupFee_oversizedEnvelope = 25 |  | backColorCost = 0.01 |  | $BASE_COST = 0.06 |  | SetupFee_postalPrep = 25 | "
2019-01-30,"Amerilist Inc",64482,"AARP Emily Shaw 26353",231985,None,678.52,1925,0.35,25,0,0,0,487.59,unknown,unknown,,,,,,,0,82.75,108.18,"Jared Phillips",unknown,unknown,0.06,"White Gloss Cover #100 White Gloss Cover,  ,  ","Post Card"," | postCardCost = 0.03 |  | $BASE_COST = 0 |  | SetupFee_postalPrep = 25 |  | SetupFee_oversizedEnvelope = 0 | "
2019-01-26,"Amerilist Inc",64490,"Dr Trotta 6x11 26312",231983,,894.64,2413,0.37,25,0,0,0,603.86,unknown,unknown,,,,,,,0,85.325,205.455,"Jared Phillips",unknown,unknown,0.09,"White Gloss Cover #100 White Gloss Cover,  ,  ","Post Card"," | postCardCost = 0.025 |  | $BASE_COST = 0 |  | SetupFee_postalPrep = 25 |  | SetupFee_oversizedEnvelope = 0 | "
2019-01-29,"Amerilist Inc",64592,"Wellness Method 6x9 26370",232029,"Drop Ship",1602.83,5004,0.32,25,0,0,0,1127.59,unknown,unknown,,,,,,,0,125.08,350.16,"Jared Phillips",unknown,unknown,0.07,"White 20# White,  ,  ","Post Card"," | postCardCost = 0.02 |  | $BASE_COST = 0 |  | SetupFee_postalPrep = 25 |  | SetupFee_oversizedEnvelope = 0 | "
2019-01-31,"Nationwide Debt Reduction Services",64707,"NDRS 1-31-18 Drop West Sac ",232108,PMOD,15423.78,44469,0.35,25,2223.45,0.05,0,11149.76,unknown,unknown,,,,,,,0,2248.45,2025.57,"Jared Phillips",unknown,unknown,0.05,"White 20# White,  , White 20# Converted","Snap Pack"," | $BASE_COST = 0.05 |  | SetupFee_postalPrep = 25 |  | SetupFee_oversizedEnvelope = 0 | "
2019-01-31,"Nationwide Debt Reduction Services",64708,"NDRS Part 2 1-31-19 Atlanta ",232111,PMOD,36168.9,104428,0.35,25,5221.4,0.05,0,26125.6,unknown,unknown,,,,,,,0,5246.4,4796.9,"Jared Phillips",unknown,unknown,0.05,"White 20# White,  , White 20# Converted","Snap Pack"," | $BASE_COST = 0.05 |  | SetupFee_postalPrep = 25 |  | SetupFee_oversizedEnvelope = 0 | "
2019-03-06,"Smartbiz Loans",64712,"Smartbiz March Drop 1",233636,PMOD,1751.12,4441,0.39,25,288.665,0.065,0,1207.35,unknown,unknown,22.21,"Redstone Master Price Matrix algorithm: 
 |  added 0.005 because [envelopepaper] = White",66.62,"Redstone Master Price Matrix algorithm: 
 |  added 0 + 0.01 because [color] = 1/1
 |  added 0.005 because [papertype] = custom shells & [paper_color] = green check micro perf",,,0,471.895,71.875,"Jared Phillips",unknown,unknown,0.02,"green check micro perf custom shells green check micro perf, White #10 Smartbiz custom double window,  ",Letter," | expensiveEnvelopeCost = 0.005 |  | expensivePaperCost = 0.005 |  | oversizedEnvelopePerPiece = 0.01 |  | SetupFee_oversizedEnvelope = 25 |  | backColorCost = 0.01 |  | $BASE_COST = 0.065 |  | SetupFee_postalPrep = 25 | "
2019-03-13,"Smartbiz Loans",64713,"Smartbiz March Drop 2",233670,PMOD,1724,4380,0.39,25,284.7,0.065,0,1187.18,unknown,unknown,21.9,"Redstone Master Price Matrix algorithm: 
 |  added 0.005 because [envelopepaper] = White",65.7,"Redstone Master Price Matrix algorithm: 
 |  added 0 + 0.01 because [color] = 1/1
 |  added 0.005 because [papertype] = custom shells & [paper_color] = green check micro perf",,,0,466.1,70.72,"Jared Phillips",unknown,unknown,0.02,"green check micro perf custom shells green check micro perf, White #10 Smartbiz custom double window,  ",Letter," | expensiveEnvelopeCost = 0.005 |  | expensivePaperCost = 0.005 |  | oversizedEnvelopePerPiece = 0.01 |  | SetupFee_oversizedEnvelope = 25 |  | backColorCost = 0.01 |  | $BASE_COST = 0.065 |  | SetupFee_postalPrep = 25 | "
2019-03-20,"Smartbiz Loans",64714,"Smartbiz March Drop 3",64714,PMOD,1722.29,4376,0.39,25,284.44,0.065,0,1185.92,unknown,unknown,21.88,"Redstone Master Price Matrix algorithm: 
 |  added 0.005 because [envelopepaper] = White",65.64,"Redstone Master Price Matrix algorithm: 
 |  added 0 + 0.01 because [color] = 1/1
 |  added 0.005 because [papertype] = custom shells & [paper_color] = green check micro perf",,,0,465.72,70.65,"Jared Phillips",unknown,unknown,0.02,"green check micro perf custom shells green check micro perf, White #10 Smartbiz custom double window,  ",Letter," | expensiveEnvelopeCost = 0.005 |  | expensivePaperCost = 0.005 |  | oversizedEnvelopePerPiece = 0.01 |  | SetupFee_oversizedEnvelope = 25 |  | backColorCost = 0.01 |  | $BASE_COST = 0.065 |  | SetupFee_postalPrep = 25 | "
2019-03-27,"Smartbiz Loans",64715,"Smartbiz March Drop 4",233681,PMOD,1666.38,4216,0.4,25,274.04,0.065,0,1148.25,unknown,unknown,21.08,"Redstone Master Price Matrix algorithm: 
 |  added 0.005 because [envelopepaper] = White",63.24,"Redstone Master Price Matrix algorithm: 
 |  added 0 + 0.01 because [color] = 1/1
 |  added 0.005 because [papertype] = custom shells & [paper_color] = green check micro perf",,,0,450.52,67.61,"Jared Phillips",unknown,unknown,0.02,"green check micro perf custom shells green check micro perf, White #10 Smartbiz custom double window,  ",Letter," | expensiveEnvelopeCost = 0.005 |  | expensivePaperCost = 0.005 |  | oversizedEnvelopePerPiece = 0.01 |  | SetupFee_oversizedEnvelope = 25 |  | backColorCost = 0.01 |  | $BASE_COST = 0.065 |  | SetupFee_postalPrep = 25 | "
2019-02-19,"The Pinza Group",64958,"Pinza Group Post Card Drop 2",232849,"Drop Ship",5357.23,14479,0.37,25,0,0,0,3509.92,unknown,unknown,,,,,,,0,459.37,1387.94,"Jared Phillips",unknown,unknown,0.1,"White 20# White,  ,  ","Post Card"," | postCardCost = 0.03 |  | $BASE_COST = 0 |  | SetupFee_postalPrep = 25 |  | SetupFee_oversizedEnvelope = 0 | "
2019-02-06,"Community Marketing",65050,"F-H Just Sold Postcard for Fajardo",232302,PMOD,239.65,947,0.25,25,0,0,0,157.05,unknown,unknown,,,,,,,0,53.41,29.19,"Jared Phillips",unknown,unknown,0.03,"White 20# White,  ,  ","Post Card"," | postCardCost = 0.03 |  | $BASE_COST = 0 |  | SetupFee_postalPrep = 25 |  | SetupFee_oversizedEnvelope = 0 | "
2019-02-07,"Nationwide Debt Reduction Services",65061,"NDRS Part 1 West Sacramento ",232310,PMOD,21314.92,61142,0.35,25,3057.1,0.05,0,15316.18,unknown,unknown,,,,,,,0,3082.1,2916.64,"Jared Phillips",unknown,unknown,0.05,"White 20# White,  , White 20# Converted","Snap Pack"," | $BASE_COST = 0.05 |  | SetupFee_postalPrep = 25 |  | SetupFee_oversizedEnvelope = 0 | "
2019-02-08,"Nationwide Debt Reduction Services",65064,"NDRS Part 2 Atlanta ",232307,PMOD,28999.52,31671,0.92,25,1583.55,0.05,0,7894.08,unknown,unknown,316.71,"Redstone Master Price Matrix algorithm: 
 |  added 0.01 because [snap_seal] = Pressure Seal & [snap_paper] =  White 70#",,,,,0,1925.26,19180.18,"Jared Phillips",unknown,unknown,0.61,"White 20# White,  , White 70# Pressure Seal","Snap Pack"," | pressureSealCost = 0.01 |  | $BASE_COST = 0.05 |  | SetupFee_postalPrep = 25 |  | SetupFee_oversizedEnvelope = 0 | "
2019-02-08,"Amerilist Inc",65125,"Wellness Method 6x9 26376",232356,"Drop Ship",1602.55,4996,0.32,25,0,0,0,1125.23,unknown,unknown,,,,,,,0,124.92,352.4,"Jared Phillips",unknown,unknown,0.07,"White 20# White,  ,  ","Post Card"," | postCardCost = 0.02 |  | $BASE_COST = 0 |  | SetupFee_postalPrep = 25 |  | SetupFee_oversizedEnvelope = 0 | "
2019-02-07,"Community Marketing",65128,"Lotus Dental Group PC14 Drop !",232323,PMOD,969.75,3887,0.25,25,0,0,0,629.9,unknown,unknown,,,,,,,0,141.61,198.24,"Jared Phillips",unknown,unknown,0.05,"White 20# White,  ,  ","Post Card"," | postCardCost = 0.03 |  | $BASE_COST = 0 |  | SetupFee_postalPrep = 25 |  | SetupFee_oversizedEnvelope = 0 | "
2019-02-07,"Nationwide Debt Reduction Services",65216,"NDRS West Sac pull back segment - 60k",232307,PMOD,33343.88,64037,0.52,25,3201.85,0.05,0,16064.55,unknown,unknown,,,,,,,0,3226.85,14052.48,"Jared Phillips",unknown,unknown,0.22,"White 20# White,  , White 20# Converted","Snap Pack"," | $BASE_COST = 0.05 |  | SetupFee_postalPrep = 25 |  | SetupFee_oversizedEnvelope = 0 | "
2019-02-09,"Nationwide Debt Reduction Services",65337,"NDRS West Sac Supplemental drop ",232481,PMOD,9607.5,27500,0.35,25,1375,0.05,0,7074.14,unknown,unknown,,,,,,,0,1400,1133.36,"Jared Phillips",unknown,unknown,0.04,"White 20# White,  , White 70# Converted","Snap Pack"," | $BASE_COST = 0.05 |  | SetupFee_postalPrep = 25 |  | SetupFee_oversizedEnvelope = 0 | "
2019-02-12,"Community Marketing",65349,"Century 21 Cornerstone Realtors - Rosel Trolan",232552,PMOD,173.42,622,0.28,25,0,0,0,100.97,unknown,unknown,,,,,,,0,43.66,28.79,"Jared Phillips",unknown,unknown,0.05,"White 20# White,  ,  ","Post Card"," | postCardCost = 0.03 |  | $BASE_COST = 0 |  | SetupFee_postalPrep = 25 |  | SetupFee_oversizedEnvelope = 0 | "
2019-02-15,TurboLetters,65414,"Google Street Image PC ",232643,None,8283.9,27488,0.3,25,0,0,0,7172.55,unknown,unknown,,,,,,,962.08,1811.72,-700.37,"Jared Phillips",unknown,unknown,-0.03,"White 20# White,  ,  ","Post Card"," | postCardCost = 0.03 |  | streetViewCost = 0.035 |  | $BASE_COST = 0 |  | SetupFee_postalPrep = 25 |  | SetupFee_oversizedEnvelope = 0 | "
2019-02-14,"Nationwide Debt Reduction Services",65422,"NDRS 2-14 West Sac Portion ",232611,PMOD,25017.29,71781,0.35,25,3589.05,0.05,0,18027.45,unknown,unknown,,,,,,,0,3614.05,3375.79,"Jared Phillips",unknown,unknown,0.05,"White 20# White,  , White 70# Converted","Snap Pack"," | $BASE_COST = 0.05 |  | SetupFee_postalPrep = 25 |  | SetupFee_oversizedEnvelope = 0 | "
2019-02-14,"Nationwide Debt Reduction Services",65423,"NDRS 2-14 Atlanta Portion ",232612,PMOD,30680.67,88055,0.35,25,4402.75,0.05,0,22038.76,unknown,unknown,,,,,,,0,4427.75,4214.16,"Jared Phillips",unknown,unknown,0.05,"White 20# White,  , White 70# Converted","Snap Pack"," | $BASE_COST = 0.05 |  | SetupFee_postalPrep = 25 |  | SetupFee_oversizedEnvelope = 0 | "
2019-02-15,"Action Roofing & Construction Inc",65536,"Roof Replacement PC",232736,PMOD,274.29,546,0.5,25,0,0,0,110.06,unknown,unknown,,,,,,,0,41.38,122.85,"Jared Phillips",unknown,unknown,0.23,"White 20# White,  ,  ","Post Card"," | postCardCost = 0.03 |  | $BASE_COST = 0 |  | SetupFee_postalPrep = 25 |  | SetupFee_oversizedEnvelope = 0 | "
2019-02-18,"Community Marketing",65580,"EHs Realty",232769,PMOD,179.9,503,0.36,25,32.695,0.065,0,129.75,unknown,unknown,,,15.09,"Redstone Master Price Matrix algorithm: 
 |  added 0.03 + 0 because [color] = 4/0",,,0,72.785,-22.635,"Jared Phillips",unknown,unknown,-0.05,"White 20# White,  ,  ",Letter," | frontColorCost = 0.03 |  | $BASE_COST = 0.065 |  | SetupFee_postalPrep = 25 |  | SetupFee_oversizedEnvelope = 0 | "
2019-02-19,"Amerilist Inc",65651,"AHT| FED POSTCARD| PO_26463",232856,PMOD,1291.89,3322,0.39,25,0,0,0,845.29,unknown,unknown,,,,,,,0,124.66,321.94,"Jared Phillips",unknown,unknown,0.1,"White Gloss Cover #100 White Gloss Cover,  ,  ","Post Card"," | postCardCost = 0.03 |  | $BASE_COST = 0 |  | SetupFee_postalPrep = 25 |  | SetupFee_oversizedEnvelope = 0 | "
2019-02-21,"Nationwide Debt Reduction Services",65755,"NDRS 2-21 Atlanta Portion",232907,PMOD,41827.78,120087,0.35,25,6004.35,0.05,0,30113.57,unknown,unknown,,,,,,,0,6029.35,5684.86,"Jared Phillips",unknown,unknown,0.05,"  ,  , White 70# Converted","Snap Pack"," | $BASE_COST = 0.05 |  | SetupFee_postalPrep = 25 |  | SetupFee_oversizedEnvelope = 0 | "
2019-02-21,"Nationwide Debt Reduction Services",65756,"NDRS - West Sac Portion",232909,PMOD,12341.39,35356,0.35,25,1767.8,0.05,0,8879.02,unknown,unknown,,,,,,,0,1792.8,1669.57,"Jared Phillips",unknown,unknown,0.05,"  ,  ,  Converted","Snap Pack"," | $BASE_COST = 0.05 |  | SetupFee_postalPrep = 25 |  | SetupFee_oversizedEnvelope = 0 | "
2019-02-20,"Amerilist Inc",65806,"Camp 2019 Postcard",233030,,160.98,197,0.82,25,0,0,0,0,unknown,unknown,,,,,,,0,30.91,130.07,"Jared Phillips",unknown,unknown,0.66,"White Gloss Cover #100 White Gloss Cover,  ,  ","Post Card"," | postCardCost = 0.03 |  | $BASE_COST = 0 |  | SetupFee_postalPrep = 25 |  | SetupFee_oversizedEnvelope = 0 | "
2019-03-06,"Smartbiz Loans",65920,"Smartbiz March Drop 1 Standard",233637,None,6654.64,18042,0.37,25,1172.73,0.065,0,5101.61,unknown,unknown,90.21,"Redstone Master Price Matrix algorithm: 
 |  added 0.005 because [envelopepaper] = White",270.63,"Redstone Master Price Matrix algorithm: 
 |  added 0 + 0.01 because [color] = 1/1
 |  added 0.005 because [papertype] = custom shells & [paper_color] = green check micro perf",,,0,1763.99,-210.96,"Jared Phillips",unknown,unknown,-0.01,"green check micro perf custom shells green check micro perf, White #10 Smartbiz custom double window,  ",Letter," | expensiveEnvelopeCost = 0.005 |  | expensivePaperCost = 0.005 |  | oversizedEnvelopePerPiece = 0.01 |  | SetupFee_oversizedEnvelope = 25 |  | backColorCost = 0.01 |  | $BASE_COST = 0.065 |  | SetupFee_postalPrep = 25 | "
2019-03-13,"Smartbiz Loans",65922,"Smartbiz March Drop 2 Standard",233671,None,6653.81,18041,0.37,25,1172.665,0.065,0,5100.87,unknown,unknown,,,180.41,"Redstone Master Price Matrix algorithm: 
 |  added 0 + 0.01 because [color] = 1/1",,,0,1378.075,174.865,"Jared Phillips",unknown,unknown,0.01,"White 20# White,  ,  ",Letter," | backColorCost = 0.01 |  | $BASE_COST = 0.065 |  | SetupFee_postalPrep = 25 |  | SetupFee_oversizedEnvelope = 0 | "
2019-03-20,"Smartbiz Loans",65924,"Smartbiz March Drop 3 Standard",233680,None,6622.47,17979,0.37,25,1168.635,0.065,0,5074.73,unknown,unknown,89.9,"Redstone Master Price Matrix algorithm: 
 |  added 0.005 because [envelopepaper] = White",269.69,"Redstone Master Price Matrix algorithm: 
 |  added 0 + 0.01 because [color] = 1/1
 |  added 0.005 because [papertype] = custom shells & [paper_color] = Green",,,0,1758.005,-210.265,"Jared Phillips",unknown,unknown,-0.01,"Green custom shells Green, White #10 Smartbiz custom double window,  ",Letter," | expensiveEnvelopeCost = 0.005 |  | expensivePaperCost = 0.005 |  | oversizedEnvelopePerPiece = 0.01 |  | SetupFee_oversizedEnvelope = 25 |  | backColorCost = 0.01 |  | $BASE_COST = 0.065 |  | SetupFee_postalPrep = 25 | "
2019-03-27,"Smartbiz Loans",65927,"Smartbiz March Drop 4 Standard",233683,None,6622.69,17973,0.37,25,1168.245,0.065,0,5075.46,unknown,unknown,89.87,"Redstone Master Price Matrix algorithm: 
 |  added 0.005 because [envelopepaper] = White",269.6,"Redstone Master Price Matrix algorithm: 
 |  added 0 + 0.01 because [color] = 1/1
 |  added 0.005 because [papertype] = custom shells & [paper_color] = green check micro perf",,,0,1757.435,-210.205,"Jared Phillips",unknown,unknown,-0.01,"green check micro perf custom shells green check micro perf, White #10 Smartbiz custom double window,  ",Letter," | expensiveEnvelopeCost = 0.005 |  | expensivePaperCost = 0.005 |  | oversizedEnvelopePerPiece = 0.01 |  | SetupFee_oversizedEnvelope = 25 |  | backColorCost = 0.01 |  | $BASE_COST = 0.065 |  | SetupFee_postalPrep = 25 | "
2019-03-16,"Zenith Financial",65983,"Zenith Purl Letter 2-28",233186,None,2276.06,4999,0.46,25,324.935,0.065,0,1295.46,unknown,unknown,,,49.99,"Redstone Master Price Matrix algorithm: 
 |  added 0 + 0.01 because [color] = 1/1",,,49.99,449.915,530.685,"Jared Phillips",unknown,unknown,0.11,"White 20# White,  ,  ",Letter," | backColorCost = 0.01 |  | purlsCost = 0.01 |  | $BASE_COST = 0.065 |  | SetupFee_postalPrep = 25 |  | SetupFee_oversizedEnvelope = 0 | "
2019-02-28,"Nationwide Debt Reduction Services",66074,"NDRS 2-28-19 Drop Atlanta Portion ",233183,PMOD,42940.33,123284,0.35,25,6164.2,0.05,0,30890.74,unknown,unknown,1232.84,"Redstone Master Price Matrix algorithm: 
 |  added 0.01 because [snap_seal] = Pressure Seal & [snap_paper] =  White 70#",,,,,0,7422.04,4627.55,"Jared Phillips",unknown,unknown,0.04,"  ,  , White 70# Pressure Seal","Snap Pack"," | pressureSealCost = 0.01 |  | $BASE_COST = 0.05 |  | SetupFee_postalPrep = 25 |  | SetupFee_oversizedEnvelope = 0 | "
2019-02-28,"Nationwide Debt Reduction Services",66075,"NDRS 2-28-19 Drop West Sac  Portion ",233198,PMOD,11263.98,32260,0.35,25,1613,0.05,0,8101.28,unknown,unknown,,,,,,,0,1638,1524.7,"Jared Phillips",unknown,unknown,0.05,"White 70# (67.5#) White,  , White 70# (67.5#) Converted","Snap Pack"," | $BASE_COST = 0.05 |  | SetupFee_postalPrep = 25 |  | SetupFee_oversizedEnvelope = 0 | "
2019-02-28,"Community Marketing",66089,"Lotus Dental Group PC#14 Drop 2",233237,"Drop Ship",970.17,3888,0.25,25,0,0,0,629.97,unknown,unknown,,,,,,,0,141.64,198.56,"Jared Phillips",unknown,unknown,0.05,"White 20# White,  ,  ","Post Card"," | postCardCost = 0.03 |  | $BASE_COST = 0 |  | SetupFee_postalPrep = 25 |  | SetupFee_oversizedEnvelope = 0 | "
2019-02-28,"Amerilist Inc",66179,"AARP Robert Card-- 26282",233356,,366.82,938,0.39,25,0,0,0,253.34,unknown,unknown,,,,,,,0,53.14,60.34,"Jared Phillips",unknown,unknown,0.06,"White 20# White,  ,  ","Post Card"," | postCardCost = 0.03 |  | $BASE_COST = 0 |  | SetupFee_postalPrep = 25 |  | SetupFee_oversizedEnvelope = 0 | "
2019-02-28,"Amerilist Inc",66254,"AHT| LIMA PC| PO_26515",233386,"Drop Ship",606.89,1310,0.46,25,0,0,0,297.86,unknown,unknown,,,,,,,0,57.75,251.28,"Jared Phillips",unknown,unknown,0.19,"White 20# White,  ,  ","Post Card"," | postCardCost = 0.025 |  | $BASE_COST = 0 |  | SetupFee_postalPrep = 25 |  | SetupFee_oversizedEnvelope = 0 | "
2019-03-05,"Amerilist Inc",66334,"AHT| FED SPRING POSTCARD| PO_26519",233442,"Drop Ship",2776.24,7447,0.37,25,0,0,0,1891.58,unknown,unknown,,,,,,,0,248.41,636.25,"Jared Phillips",unknown,unknown,0.09,"White 20# White,  ,  ","Post Card"," | postCardCost = 0.03 |  | $BASE_COST = 0 |  | SetupFee_postalPrep = 25 |  | SetupFee_oversizedEnvelope = 0 | "
2019-03-06,"Amerilist Inc",66370,"4x6 - 26516 - Back and Knee Brace Card",233630,,557.96,1666,0.33,25,0,0,0,451.32,unknown,unknown,,,,,,,0,74.98,31.66,"Jared Phillips",unknown,unknown,0.02,"White 20# White,  ,  ","Post Card"," | postCardCost = 0.03 |  | $BASE_COST = 0 |  | SetupFee_postalPrep = 25 |  | SetupFee_oversizedEnvelope = 0 | "
2019-03-28,"Perfect Star Heating and Air Conditioning",66374,"Perfect Star-0419 Drop 2",234507,"Drop Ship",6819.45,19377,0.35,25,1259.505,0.065,0,3288.28,unknown,unknown,,,,,,,0,1284.505,2246.665,"Jared Phillips",unknown,unknown,0.12,"White 20# White,  ,  ",Letter," | $BASE_COST = 0.065 |  | SetupFee_postalPrep = 25 |  | SetupFee_oversizedEnvelope = 0 | "
2019-03-07,"Nationwide Debt Reduction Services",66415,"NDRS 3-7-19 Atlanta Drop ",233655/233516,PMOD,40364.79,115883,0.35,25,5794.15,0.05,0,28926.28,unknown,unknown,,,,,,,0,5819.15,5619.36,"Jared Phillips",unknown,unknown,0.05,"White 70# White,  ,  Converted","Snap Pack"," | $BASE_COST = 0.05 |  | SetupFee_postalPrep = 25 |  | SetupFee_oversizedEnvelope = 0 | "
2019-03-07,"Nationwide Debt Reduction Services",66416,"NDRS 3-7-19 Drop West Sacramento portion PMOD ",233654/233543,PMOD,13840.93,39665,0.35,25,1983.25,0.05,0,9974.93,unknown,unknown,,,,,,,0,2008.25,1857.75,"Jared Phillips",unknown,unknown,0.05,"White 70# White,  ,  Converted","Snap Pack"," | $BASE_COST = 0.05 |  | SetupFee_postalPrep = 25 |  | SetupFee_oversizedEnvelope = 0 | "
2019-03-07,"Amerilist Inc",66425,"The Next Street Driving PC 6x9 26508",233643,"Drop Ship",4756.07,14713,0.32,25,0,0,0,3308.39,unknown,unknown,,,,,,,0,466.39,981.29,"Jared Phillips",unknown,unknown,0.07,"White 20# White,  ,  ","Post Card"," | postCardCost = 0.03 |  | $BASE_COST = 0 |  | SetupFee_postalPrep = 25 |  | SetupFee_oversizedEnvelope = 0 | "
2019-03-08,"Big Valley Mortgage",66440,"Sean Krause",233629,None,170,320,0.53,25,0,0,0,959.41,unknown,unknown,,,,,,,0,34.6,-824.01,"Jared Phillips",unknown,unknown,-2.58,"White 20# White,  ,  ","Post Card"," | postCardCost = 0.03 |  | $BASE_COST = 0 |  | SetupFee_postalPrep = 25 |  | SetupFee_oversizedEnvelope = 0 | "
2019-03-08,"Amerilist Inc",66480,"4x6 - 26518 - Travel Card",233690,,1142.24,3506,0.33,25,0,0,0,948.72,unknown,unknown,,,,,,,0,130.18,63.34,"Jared Phillips",unknown,unknown,0.02,"White 20# White,  ,  ","Post Card"," | postCardCost = 0.03 |  | $BASE_COST = 0 |  | SetupFee_postalPrep = 25 |  | SetupFee_oversizedEnvelope = 0 | "
2019-03-14,"Pacific Home Loans",66481,"FHA Spanish Drop 1 031419 ",233752,PMOD,2082.24,4251,0.49,25,276.315,0.065,0,1086.62,unknown,unknown,,,255.06,"Redstone Master Price Matrix algorithm: 
 |  added 0.03 + 0.03 because [color] = 4/4",,,42.51,598.885,396.735,"Jared Phillips",unknown,unknown,0.09,"White 20# White,  ,  ",Letter," | frontColorCost = 0.03 |  | backColorCost = 0.03 |  | purlsCost = 0.01 |  | $BASE_COST = 0.065 |  | SetupFee_postalPrep = 25 |  | SetupFee_oversizedEnvelope = 0 | "
2019-03-21,"Pacific Home Loans",66482,"FHA Spanish Drop 2 032119  ",234082,PMOD,2080.32,4247,0.49,25,276.055,0.065,0,1077.32,unknown,unknown,,,254.82,"Redstone Master Price Matrix algorithm: 
 |  added 0.03 + 0.03 because [color] = 4/4",,,42.47,598.345,404.655,"Jared Phillips",unknown,unknown,0.1,"White 20# White,  ,  ",Letter," | frontColorCost = 0.03 |  | backColorCost = 0.03 |  | purlsCost = 0.01 |  | $BASE_COST = 0.065 |  | SetupFee_postalPrep = 25 |  | SetupFee_oversizedEnvelope = 0 | "
2019-03-28,"Pacific Home Loans",66483,"FHA Spanish Drop 3 032819  ",234489,PMOD,1744.76,3744,0.47,25,243.36,0.065,0,970.62,unknown,unknown,,,224.64,"Redstone Master Price Matrix algorithm: 
 |  added 0.03 + 0.03 because [color] = 4/4",,,37.44,530.44,243.7,"Jared Phillips",unknown,unknown,0.07,"White 20# White,  ,  ",Letter," | frontColorCost = 0.03 |  | backColorCost = 0.03 |  | purlsCost = 0.01 |  | $BASE_COST = 0.065 |  | SetupFee_postalPrep = 25 |  | SetupFee_oversizedEnvelope = 0 | "
2019-03-08,"Action Roofing & Construction Inc",66575,"Before and After Postcard",233719,PMOD,236.79,546,0.43,25,0,0,0,138.91,unknown,unknown,,,,,,,0,41.38,56.5,"Jared Phillips",unknown,unknown,0.1,"Gloss Cover 100# Gloss Cover,  ,  ","Post Card"," | postCardCost = 0.03 |  | $BASE_COST = 0 |  | SetupFee_postalPrep = 25 |  | SetupFee_oversizedEnvelope = 0 | "
2019-03-09,TurboLetters,66577,"John - Google Street View Post Card",233753,,8971.75,27490,0.33,25,0,0,0,7196.48,unknown,unknown,,,,,,,962.15,1811.85,-36.58,"Jared Phillips",unknown,unknown,-0,"White 20# White,  ,  ","Post Card"," | postCardCost = 0.03 |  | streetViewCost = 0.035 |  | $BASE_COST = 0 |  | SetupFee_postalPrep = 25 |  | SetupFee_oversizedEnvelope = 0 | "
2019-03-09,TurboLetters,66578,"Dustin Moss - Google Street Image 4x6",233755,,379.4,1052,0.36,25,0,0,0,280.31,unknown,unknown,,,,,,,36.82,88.12,10.97,"Jared Phillips",unknown,unknown,0.01,"White 20# White,  ,  ","Post Card"," | postCardCost = 0.025 |  | streetViewCost = 0.035 |  | $BASE_COST = 0 |  | SetupFee_postalPrep = 25 |  | SetupFee_oversizedEnvelope = 0 | "
2019-03-12,TurboLetters,66631,"Samuel Casillas - Google Street View 4x6",233901,None,125.25,270,0.46,25,0,0,0,75.51,unknown,unknown,,,,,,,0,31.75,17.99,"Jared Phillips",unknown,unknown,0.07,"White 20# White,  ,  ","Post Card"," | postCardCost = 0.025 |  | $BASE_COST = 0 |  | SetupFee_postalPrep = 25 |  | SetupFee_oversizedEnvelope = 0 | "
2019-03-12,"Amerilist Inc",66676,"AHT| FED SPRING POSTCARD|DROP_2| PO_26545",233750,PMOD,554.2,1308,0.42,25,0,0,0,342.74,unknown,unknown,,,,,,,0,64.24,147.22,"Jared Phillips",unknown,unknown,0.11,"White 20# White,  ,  ","Post Card"," | postCardCost = 0.03 |  | $BASE_COST = 0 |  | SetupFee_postalPrep = 25 |  | SetupFee_oversizedEnvelope = 0 | "
2019-03-12,"Amerilist Inc",66681,"AHT| DROP 24| FT.WAYNE DUPONT RD.| PO26547",66681,"Drop Ship",838.2,2105,0.4,25,0,0,0,479.08,unknown,unknown,,,,,,,0,88.15,270.97,"Jared Phillips",unknown,unknown,0.13,"White 20# White,  ,  ","Post Card"," | postCardCost = 0.03 |  | $BASE_COST = 0 |  | SetupFee_postalPrep = 25 |  | SetupFee_oversizedEnvelope = 0 | "
2019-03-11,"Community Marketing",66695,"FH Just Sold Postcard for Fajardo - 31353 San Bruno Ct.",233782,None,163.65,947,0.17,25,0,0,0,180.7,unknown,unknown,,,,,,,0,53.41,-70.46,"Jared Phillips",unknown,unknown,-0.07,"Gloss Cover 100# Gloss Cover,  ,  ","Post Card"," | postCardCost = 0.03 |  | $BASE_COST = 0 |  | SetupFee_postalPrep = 25 |  | SetupFee_oversizedEnvelope = 0 | "
2019-03-11,"Community Marketing",66704,"FH Real Estate - 3476 Pinewood",233781,None,389.93,1391,0.28,25,0,0,0,268.13,unknown,unknown,,,,,,,0,66.73,55.07,"Jared Phillips",unknown,unknown,0.04,"Gloss Cover 100# Gloss Cover,  ,  ","Post Card"," | postCardCost = 0.03 |  | $BASE_COST = 0 |  | SetupFee_postalPrep = 25 |  | SetupFee_oversizedEnvelope = 0 | "
2019-03-15,"Amerilist Inc",66736,"PO 26270 | Shoopman Homes ",233876,"Drop Ship",3041.95,10198,0.3,25,0,0,0,1652.08,unknown,unknown,,,,,,,0,330.94,1058.93,"Jared Phillips",unknown,unknown,0.1,"White 20# White,  ,  ","Post Card"," | postCardCost = 0.03 |  | $BASE_COST = 0 |  | SetupFee_postalPrep = 25 |  | SetupFee_oversizedEnvelope = 0 | "
2019-03-12,"Amerilist Inc",66738,"Children of Milton 26531",233894,None,292.19,705,0.41,25,0,0,0,178.54,unknown,unknown,,,,,,,0,46.15,67.5,"Jared Phillips",unknown,unknown,0.1,"White 20# White,  ,  ","Post Card"," | postCardCost = 0.03 |  | $BASE_COST = 0 |  | SetupFee_postalPrep = 25 |  | SetupFee_oversizedEnvelope = 0 | "
2019-03-14,"Nationwide Debt Reduction Services",66765,"NDRS 3-14 Atlanta Portion ",233788/233787,PMOD,40384.97,115941,0.35,25,5797.05,0.05,0,29262.19,unknown,unknown,,,,,,,0,5822.05,5300.73,"Jared Phillips",unknown,unknown,0.05,"White 70# White,  ,  Converted","Snap Pack"," | $BASE_COST = 0.05 |  | SetupFee_postalPrep = 25 |  | SetupFee_oversizedEnvelope = 0 | "
2019-03-15,"Nationwide Debt Reduction Services",66766,"NDRS 3-14 West Sac Portion ",233808/233803,PMOD,16572.73,47515,0.35,25,2375.75,0.05,0,11896.16,unknown,unknown,,,,,,,0,2400.75,2275.82,"Jared Phillips",unknown,unknown,0.05,"White 20# White,  , White 20# Converted","Snap Pack"," | $BASE_COST = 0.05 |  | SetupFee_postalPrep = 25 |  | SetupFee_oversizedEnvelope = 0 | "
2019-03-14,"Amerilist Inc",66775,"Wellness Method 6x9 26540",234025,"Drop Ship",1450.21,5012,0.29,25,0,0,0,961.95,unknown,unknown,,,,,,,0,125.24,363.02,"Jared Phillips",unknown,unknown,0.07,"White 20# White,  ,  ","Post Card"," | postCardCost = 0.02 |  | $BASE_COST = 0 |  | SetupFee_postalPrep = 25 |  | SetupFee_oversizedEnvelope = 0 | "
2019-03-28,"Mortgage Bee LLC",67075,"Mortgage Bee Drop 1 CO - VA IRRRL",234645,PMOD,2230.8,4874,0.46,25,316.81,0.065,0,1113,unknown,unknown,,,48.74,"Redstone Master Price Matrix algorithm: 
 |  added 0 + 0.01 because [color] = 1/1",,,48.74,439.29,678.51,"Jared Phillips",unknown,unknown,0.14,"White 20# White,  ,  ",Letter," | backColorCost = 0.01 |  | purlsCost = 0.01 |  | $BASE_COST = 0.065 |  | SetupFee_postalPrep = 25 |  | SetupFee_oversizedEnvelope = 0 | "
2019-03-19,"Amerilist Inc",67098,"AHT| DROP 25| FT.WAYNE DUPONT RD.| PO26570",234118,PMOD,745.91,1990,0.37,25,0,0,0,463.04,unknown,unknown,,,,,,,0,84.7,198.17,"Jared Phillips",unknown,unknown,0.1,"White 20# White,  ,  ","Post Card"," | postCardCost = 0.03 |  | $BASE_COST = 0 |  | SetupFee_postalPrep = 25 |  | SetupFee_oversizedEnvelope = 0 | "
2019-03-19,"Amerilist Inc",67099,"AHT| DROP 25| VA BEACH| PO26570",234119,PMOD,920.19,2508,0.37,25,0,0,0,574.21,unknown,unknown,,,,,,,0,100.24,245.74,"Jared Phillips",unknown,unknown,0.1,"White 20# White,  ,  ","Post Card"," | postCardCost = 0.03 |  | $BASE_COST = 0 |  | SetupFee_postalPrep = 25 |  | SetupFee_oversizedEnvelope = 0 | "
2019-03-19,"Amerilist Inc",67100,"AHT DROP 25 GREENWOOD. PO26570",234126,PMOD,914.97,2502,0.37,25,0,0,0,570.32,unknown,unknown,,,,,,,0,100.06,244.59,"Jared Phillips",unknown,unknown,0.1,"White 20# White,  ,  ","Post Card"," | postCardCost = 0.03 |  | $BASE_COST = 0 |  | SetupFee_postalPrep = 25 |  | SetupFee_oversizedEnvelope = 0 | "
2019-03-21,"Nationwide Debt Reduction Services",67127,"NDRS Atlanta Portion 3-21 ",234152/234150,PMOD,42352.57,121595,0.35,25,6079.75,0.05,0,30592.23,unknown,unknown,,,,,,,0,6104.75,5655.59,"Jared Phillips",unknown,unknown,0.05,"White 20# White,  , White 20# Converted","Snap Pack"," | $BASE_COST = 0.05 |  | SetupFee_postalPrep = 25 |  | SetupFee_oversizedEnvelope = 0 | "
2019-03-22,"Nationwide Debt Reduction Services",67128,"NDRS West Sac Portion 3-21-19",234164/234163,PMOD,14585.29,41804,0.35,25,2090.2,0.05,0,10485.64,unknown,unknown,,,,,,,0,2115.2,1984.45,"Jared Phillips",unknown,unknown,0.05,"White 20# White,  , White 20# Converted","Snap Pack"," | $BASE_COST = 0.05 |  | SetupFee_postalPrep = 25 |  | SetupFee_oversizedEnvelope = 0 | "
2019-03-21,"Amerilist Inc",67129,"PO 26574 | John White",234133,,2326,7504,0.31,25,0,0,0,2029.61,unknown,unknown,,,,,,,0,250.12,46.27,"Jared Phillips",unknown,unknown,0.01,"White #67 Vellum Bristol  White,  ,  ","Post Card"," | postCardCost = 0.03 |  | $BASE_COST = 0 |  | SetupFee_postalPrep = 25 |  | SetupFee_oversizedEnvelope = 0 | "
2019-03-22,"Big Valley Mortgage",67144,"Sean Krause March",234141,None,172,324,0.53,25,0,0,0,81.53,unknown,unknown,,,,,,,0,34.72,55.75,"Jared Phillips",unknown,unknown,0.17,"White 20# White,  ,  ","Post Card"," | postCardCost = 0.03 |  | $BASE_COST = 0 |  | SetupFee_postalPrep = 25 |  | SetupFee_oversizedEnvelope = 0 | "
2019-03-20,TurboLetters,67151,"Rashard Alomari - Google Street View 4x6 ",234250,,273.78,727,0.38,25,0,0,0,189.58,unknown,unknown,,,,,,,25.45,68.62,15.58,"Jared Phillips",unknown,unknown,0.02,"White 20# White,  ,  ","Post Card"," | postCardCost = 0.025 |  | streetViewCost = 0.035 |  | $BASE_COST = 0 |  | SetupFee_postalPrep = 25 |  | SetupFee_oversizedEnvelope = 0 | "
2019-03-25,"Amerilist Inc",67371,"AHT| DROP26| MIAMISBURG_TIPP_SPRINGFIELD| AML PO_26594",234349,PMOD,3576.68,5496,0.65,25,0,0,0,1253.12,unknown,unknown,,,,,,,0,189.88,2133.68,"Jared Phillips",unknown,unknown,0.39,"White Gloss Cover #100 White Gloss Cover,  ,  ","Post Card"," | postCardCost = 0.03 |  | $BASE_COST = 0 |  | SetupFee_postalPrep = 25 |  | SetupFee_oversizedEnvelope = 0 | "
2019-03-25,"Amerilist Inc",67372,"AHT| DROP26 | CHESTERFIELD| AML PO_26594",234350,PMOD,947.94,2497,0.38,25,0,0,0,566.35,unknown,unknown,,,,,,,0,99.91,281.68,"Jared Phillips",unknown,unknown,0.11,"White 20# White,  ,  ","Post Card"," | postCardCost = 0.03 |  | $BASE_COST = 0 |  | SetupFee_postalPrep = 25 |  | SetupFee_oversizedEnvelope = 0 | "
2019-03-25,"Amerilist Inc",67373,"AHT| DROP26| MARION| AML PO_26594",234352,PMOD,552.2,1423,0.39,25,0,0,0,324.61,unknown,unknown,,,,,,,0,67.69,159.9,"Jared Phillips",unknown,unknown,0.11,"White Gloss Cover #100 White Gloss Cover,  ,  ","Post Card"," | postCardCost = 0.03 |  | $BASE_COST = 0 |  | SetupFee_postalPrep = 25 |  | SetupFee_oversizedEnvelope = 0 | "
2019-03-26,TurboLetters,67487,"Kalif Alder - Google Street View 4x6  ",234588,,1199.05,3574,0.34,25,0,0,0,956.4,unknown,unknown,,,,,,,0,114.35,128.3,"Jared Phillips",unknown,unknown,0.04,"White 20# White,  ,  ","Post Card"," | postCardCost = 0.025 |  | $BASE_COST = 0 |  | SetupFee_postalPrep = 25 |  | SetupFee_oversizedEnvelope = 0 | "
2019-03-26,TurboLetters,67493,"Dustin Moss - Google Street Image 4x6 ",234523,,813.93,2389,0.34,25,0,0,0,639.65,unknown,unknown,,,,,,,83.62,180.285,-6.005,"Jared Phillips",unknown,unknown,-0,"White 20# White,  ,  ","Post Card"," | postCardCost = 0.03 |  | streetViewCost = 0.035 |  | $BASE_COST = 0 |  | SetupFee_postalPrep = 25 |  | SetupFee_oversizedEnvelope = 0 | "
2019-03-30,TurboLetters,67494,"Karan Bangar - Pink Postcard 4x6  ",234590,None,78.45,91,0.86,25,0,0,0,50.05,unknown,unknown,,,,,,,0,27.73,0.67000000000001,"Jared Phillips",unknown,unknown,0.01,"Custom Custom Custom,  ,  ","Post Card"," | postCardCost = 0.03 |  | $BASE_COST = 0 |  | SetupFee_postalPrep = 25 |  | SetupFee_oversizedEnvelope = 0 | "
2019-03-28,"Pacific Home Loans",67498,"Va Non Good Credit Drop 1  32819",234593,PMOD,2809.53,6079,0.46,25,395.135,0.065,0,1603.42,unknown,unknown,,,243.16,"Redstone Master Price Matrix algorithm: 
 |  added 0.03 + 0.01 because [color] = 4/1",,,60.79,724.085,482.025,"Jared Phillips",unknown,unknown,0.08,"White 60# White, #10 White Single Window,  ",Letter," | frontColorCost = 0.03 |  | backColorCost = 0.01 |  | purlsCost = 0.01 |  | $BASE_COST = 0.065 |  | SetupFee_postalPrep = 25 |  | SetupFee_oversizedEnvelope = 0 | "
2019-03-27,TurboLetters,67525,"Dustin Moss - Street View Postcard 4x6",234592,None,270.53,717,0.38,25,0,0,0,192.17,unknown,unknown,,,,,,,25.1,71.605,6.755,"Jared Phillips",unknown,unknown,0.01,"White 20# White,  ,  ","Post Card"," | postCardCost = 0.03 |  | streetViewCost = 0.035 |  | $BASE_COST = 0 |  | SetupFee_postalPrep = 25 |  | SetupFee_oversizedEnvelope = 0 | "
2019-03-28,"Nationwide Debt Reduction Services",67527,"NDRS Atlanta Drop 3-28-19",234524/234526,PMOD,42648.01,122444,0.35,25,6122.2,0.05,0,30530.57,unknown,unknown,,,,,,,0,6147.2,5970.24,"Jared Phillips",unknown,unknown,0.05,"White 20# White,  , White 20# Converted","Snap Pack"," | $BASE_COST = 0.05 |  | SetupFee_postalPrep = 25 |  | SetupFee_oversizedEnvelope = 0 | "
2019-03-29,"Nationwide Debt Reduction Services",67528,"NDRS West Sac 3-29-19 ",234566/234565,PMOD,14370.58,41187,0.35,25,2059.35,0.05,0,10333.89,unknown,unknown,,,,,,,0,2084.35,1952.34,"Jared Phillips",unknown,unknown,0.05,"White 20# White,  , White 20# Converted","Snap Pack"," | $BASE_COST = 0.05 |  | SetupFee_postalPrep = 25 |  | SetupFee_oversizedEnvelope = 0 | "
2019-03-28,TurboLetters,67552,"Jay ibarra - Street View Postcard 4x6",234569,None,484.38,1375,0.35,25,0,0,0,352.8,unknown,unknown,,,,,,,48.13,107.5,24.08,"Jared Phillips",unknown,unknown,0.02,"White 20# White,  ,  ","Post Card"," | postCardCost = 0.025 |  | streetViewCost = 0.035 |  | $BASE_COST = 0 |  | SetupFee_postalPrep = 25 |  | SetupFee_oversizedEnvelope = 0 | "
2019-03-29,"Amerilist Inc",67731,"AHT| DROP 27| PO_26625| BEAVERCREEK",234691,PMOD,957.25,2497,0.38,25,0,0,0,576.26,unknown,unknown,,,,,,,0,99.91,281.08,"Jared Phillips",unknown,unknown,0.11,"White 20# White,  ,  ","Post Card"," | postCardCost = 0.03 |  | $BASE_COST = 0 |  | SetupFee_postalPrep = 25 |  | SetupFee_oversizedEnvelope = 0 | "
2019-03-29,"Amerilist Inc",67734,"AHT| DROP 27| PO_26625| LIMA",234690,PMOD,945.4,2499,0.38,25,0,0,0,563.82,unknown,unknown,,,,,,,0,99.97,281.61,"Jared Phillips",unknown,unknown,0.11,"White 20# White,  ,  ","Post Card"," | postCardCost = 0.03 |  | $BASE_COST = 0 |  | SetupFee_postalPrep = 25 |  | SetupFee_oversizedEnvelope = 0 | "
2019-03-29,"Amerilist Inc",67737,"AHT| DROP27_PO26625| FALLS CHURCH",234682,PMOD,950.95,2499,0.38,25,0,0,0,571.35,unknown,unknown,,,,,,,0,99.97,279.63,"Jared Phillips",unknown,unknown,0.11,"White 20# White,  ,  ","Post Card"," | postCardCost = 0.03 |  | $BASE_COST = 0 |  | SetupFee_postalPrep = 25 |  | SetupFee_oversizedEnvelope = 0 | "
2019-03-29,"Amerilist Inc",67738,"AHT| DROP27| PO_26625| INDY NORTH",234681,PMOD,1300.81,3459,0.38,25,0,0,0,781.47,unknown,unknown,,,,,,,0,128.77,390.57,"Jared Phillips",unknown,unknown,0.11,"White 20# White,  ,  ","Post Card"," | postCardCost = 0.03 |  | $BASE_COST = 0 |  | SetupFee_postalPrep = 25 |  | SetupFee_oversizedEnvelope = 0 | "
2019-03-29,"Amerilist Inc",67748,"AHT| FED SPING PC| PO26626",234695,PMOD,1126.1,3018,0.37,25,0,0,0,770.18,unknown,unknown,,,,,,,0,115.54,240.38,"Jared Phillips",unknown,unknown,0.08,"White 20# White,  ,  ","Post Card"," | postCardCost = 0.03 |  | $BASE_COST = 0 |  | SetupFee_postalPrep = 25 |  | SetupFee_oversizedEnvelope = 0 | "
2019-03-30,"Community Marketing",67751,"Schafer Construction PC54 - Driveway",234694,"Drop Ship",1199.59,4767,0.25,25,0,0,0,782.74,unknown,unknown,,,,,,,0,168.01,248.84,"Jared Phillips",unknown,unknown,0.05,"White 20# White,  ,  ","Post Card"," | postCardCost = 0.03 |  | $BASE_COST = 0 |  | SetupFee_postalPrep = 25 |  | SetupFee_oversizedEnvelope = 0 | "
